scenario_id,q_idx,q_vec,z_vec,diff,q_mu,q_cov
kl1665,0,"[ 0.7958854  -2.5328736  -1.8067422  -0.51872903 -0.08348721 -0.8556501
  5.421637   -2.629106   -1.3641315   1.0237292   0.22262307 -1.6383512
  2.7340717   1.7293638   2.1144185  -1.1521543   1.4933245   0.5376918
  1.5021789  -0.3857348  -1.882203   -0.93771297  2.1018581  -0.20599902
 -0.41860327 -0.9246716   2.4128842  -1.1303235   3.2147896   2.204557
  2.8326838  -1.4581668   2.7889626   0.84792167 -0.22841157 -1.1228052
 -2.2307785  -0.44232595  2.6087399  -2.6667945  -3.740107    2.707391
 -1.2032113  -0.97634315  2.3935218  -0.40118372 -3.2778835  -0.45122722
 -3.0707295  -0.20777524 -2.1746151  -3.5776281  -3.1992874  -0.31839073
 -3.0238523  -2.35141     0.38940012 -0.5447053   0.9048845  -1.6429971
 -0.641634   -1.2703751   2.4781861  -0.40128002]","[ 0.9866277  -1.4101715  -1.6334103  -1.1578493  -0.78177714 -0.03587477
  3.7544754  -1.9273524  -0.8398135   0.4831382   0.19347239 -1.0276355
  1.450898    1.5666623   1.8179061  -0.7568707   1.067549    0.959433
  2.1260898  -1.2229474  -1.13156    -0.8098466   0.8628347  -0.68936634
 -0.7838584  -1.8899715   2.1310918  -1.3524438   3.1766577   2.2113354
  1.8357257  -0.97549945  2.4096742   1.1774068  -0.13075086 -2.2617855
 -2.340362   -1.27735     1.6789652  -2.1006548  -2.779628    1.8972013
 -0.4899882  -0.39314646  1.5596876   1.3347714  -2.2220466  -0.19913423
 -2.3362544   0.84637094  0.00823882 -2.4908113  -3.160346   -0.6692134
 -2.9257479  -1.3646733   1.0357003   0.300294    0.76862884 -0.06888346
 -1.2006958  -1.3716998   0.6563202  -0.15103555]",6.484681,"[0.7958853840827942, -2.5328736305236816, -1.8067421913146973, -0.518729031085968, -0.08348721265792847, -0.8556501269340515, 5.421637058258057, -2.629106044769287, -1.3641314506530762, 1.0237292051315308, 0.2226230651140213, -1.6383512020111084, 2.734071731567383, 1.7293637990951538, 2.1144185066223145, -1.1521543264389038, 1.4933245182037354, 0.5376917719841003, 1.5021789073944092, -0.38573479652404785, -1.8822029829025269, -0.9377129673957825, 2.101858139038086, -0.20599901676177979, -0.4186032712459564, -0.9246715903282166, 2.41288423538208, -1.1303235292434692, 3.214789628982544, 2.204556941986084, 2.832683801651001, -1.4581668376922607, 2.7889626026153564, 0.8479216694831848, -0.22841157019138336, -1.1228052377700806, -2.230778455734253, -0.4423259496688843, 2.6087398529052734, -2.666794538497925, -3.7401070594787598, 2.7073910236358643, -1.2032113075256348, -0.9763431549072266, 2.393521785736084, -0.40118372440338135, -3.277883529663086, -0.45122721791267395, -3.0707294940948486, -0.20777523517608643, -2.1746151447296143, -3.5776281356811523, -3.1992874145507812, -0.31839072704315186, -3.0238523483276367, -2.351409912109375, 0.3894001245498657, -0.5447052717208862, 0.9048845171928406, -1.642997145652771, -0.6416339874267578, -1.27037513256073, 2.4781861305236816, -0.401280015707016]","[[0.5471090012341212, 0.28333071623285294, 0.04303057884089084, -0.5510560340060435, 0.15390952627571297, -0.24490356462431992, 0.18593090600718246, -0.037132717222673556, -0.04282254630243017, 0.265435493429535, 0.12244665576301884, -0.0413617749629944, -0.23297833817549296, -0.14787803940202407, 0.08556692977172052, 0.15886105145472512, 0.3053763463433615, 0.16733212994187815, 0.5984985243108627, 0.12011818885225309, 0.21874307830890807, -0.05344529921961328, -0.1310252473099792, -0.3414730968148511, 0.19507219161047165, -0.45411713502024975, 0.29679547500868053, -0.10501811252678817, 0.4469565462546696, 0.1699762342509982, 0.19162540686684257, -0.047207956942676335, -0.026035986781761316, 0.5223788777686965, 0.23718419619756245, -0.040900554567817105, -0.21422588576356127, -0.3698527977428166, 0.4076884331702516, 0.10925470096102788, -0.5846490676263046, -0.12411063086835739, -0.022178043706141373, -0.134564375960302, -0.24007136135229315, 0.15427830496738051, -0.3025419269226462, 0.13034969236673405, -0.3563729590492073, 0.012704822836871054, 0.21752939263885077, -0.24036371269960072, -0.6725011274004244, -0.2936778810773187, -0.2400473480566894, -0.19816818858682264, -0.041071319139891614, 0.1491067509202704, 0.18791638365340677, 0.05841325559801476, -0.20544024708318612, 0.11899000843354779, -0.040208757408400075, 0.28149639062773946], [0.28333071623285294, 0.8737171583989514, -0.11805496921450549, -0.5396529656326696, -0.1105448127672185, 0.14403797905253413, 0.18425882983822137, 0.2888161593271202, 0.12695250530795998, -0.05673974964770554, 0.19631368840997088, 0.588307058052447, -0.21100849345827286, 0.27131414936666176, -0.3053009773422671, 0.0902651336942324, 0.39299778418068326, 0.15821690687020185, 0.3967720167133976, -0.009848499351488243, -0.11434388062702504, -0.04414004500316973, 0.10593875669178639, -0.3822374392381814, -0.3787883072249935, 0.043494311669191085, 0.1026180338281431, 0.23741995530151697, 0.3381711738078864, 0.4332802489844846, 0.21092762866900552, -0.025623125079205836, 0.2334620953770255, 0.3050844220290055, -0.12136050168066566, 0.04779202868540592, -0.10971297127863414, -0.5272979779163107, 0.07155674653768986, -0.10954638239540138, 0.2378356496962747, -0.2495068759895622, -0.15022009227209346, 0.3695475031175988, -0.02366265066978549, 0.272984144858846, -0.4594963185429212, 0.07760059427346623, -0.26510753121215286, 0.30501826235233825, 0.04996688098421677, 0.3848422432612204, -0.27265243223949065, -0.2568848125034475, 0.35957132016261917, -0.3005034727310444, 0.33360121672449167, -0.06289895733293425, 0.28834122339072077, 0.5209685734242999, -0.6388720427066259, 0.3723157167399805, -0.41005446888778, 0.5578743261140489], [0.04303057884089084, -0.11805496921450549, 0.4735019357974691, -0.1898037844173389, 0.0614232433250995, -0.23509917952436812, -0.25766395817470367, 0.09507877256833865, -0.2460346926620784, 0.0040113595746870115, -0.27951592906652034, -0.4417666011389798, -0.20768171309498587, -0.333250347350118, -0.035124937470552293, -0.0010805445708993537, -0.16886275912392182, -0.17194095125029116, 0.19046819229011083, 0.028904512921094593, 0.32004657638181316, 0.05451576706678804, -0.03852925786079613, 0.14743518297898117, 0.21361840052277298, -0.15493340160173716, 0.25806093152570947, -0.21539579202339684, -0.023885922463090962, 0.05095938109634346, -0.22467929386302754, 0.16718420978012358, -0.292830508368937, 0.44348026577528477, 0.2736292196188017, -0.12688904335875234, -0.008844544894848637, 0.11142524548232055, 0.15806900729593976, 0.3296748881493286, -0.5176744738218345, -0.1411666797537216, -0.28895578391261884, -0.14148171907096285, -0.09741131882498572, -0.06140101484849504, -0.04567584069068369, -0.19558576506363523, -0.0921286313776382, -0.23506384992007998, 0.19929802301752925, -0.35524412194084437, -0.16300789886679146, -0.21743122278431662, -0.056121870289000245, 0.01622512393194401, -0.2367580497793812, 0.31362886670907736, 0.09675900575929813, -0.22460112272013397, -0.09136271477138337, -0.027059100499957987, 0.1535948864362815, 0.16667931696110405], [-0.5510560340060435, -0.5396529656326696, -0.1898037844173389, 1.2146076693059928, -0.2877947260458207, 0.6780095183044279, -0.46475982136601673, -0.16462323493759218, 0.33409246204341386, -0.43808633527800644, 0.005026475350016529, 0.04018008727016906, 0.1659684602896116, 0.2122850660317498, 0.10529563237886924, -0.08414485486402995, -0.39186114202766054, -0.016813743151841167, -0.9378436275582949, -0.3180931955188563, -0.38381251186472265, -0.19371022624519688, -0.22465329650506088, 0.36154080163608615, -0.47168863232009395, 0.6141719641151111, -0.8928236688936608, 0.3083941818466559, -0.7624933382049495, -0.6427303522203515, -0.292191119073765, 0.07094959639995911, -0.16916613699153157, -1.217766021894998, -0.3483661054947179, -0.04133172574365284, 0.44289646154963186, 0.6968297538348719, -0.9552425496556064, -0.2647071623036914, 1.3116698136257858, 0.14396625154075884, 0.7351404644846757, 0.06806464083004052, 0.23379208398635212, -0.07787543441811523, 1.0780297942357575, 0.029282074406462757, 0.8803873537359944, 0.06122975844356174, -0.3576800167575742, 0.7412468776613197, 1.2093108062264935, 0.8467958927853891, 0.27166137460682643, 0.7662529675668963, 0.021307572681234486, -0.25307757053433383, -0.7335638517770489, 0.08611812688563061, 1.0511839861640366, -0.3701317397551517, -0.18569345623511935, -0.9221495213695107], [0.15390952627571297, -0.1105448127672185, 0.0614232433250995, -0.2877947260458207, 0.5078389076309581, -0.5324903001456375, 0.25893263308419695, 0.08798482283017608, -0.09025223804369578, 0.2984981159517166, -0.03362135714544622, -0.0366891233473398, 0.033670014674438906, -0.1954216563429888, 0.10307419222728402, 0.11072737227773385, -0.008488713367686146, 0.04018109553405445, 0.22555990619733046, 0.3298039819239779, 0.41539587853777155, 0.2609320424916232, 0.03390238680490733, -0.09454588532378508, 0.6224383446625836, -0.3533027271303884, 0.35928594992870805, -0.2529402812765626, 0.22888741656255007, 0.016754512878161352, 0.10781139017093239, -0.15494410479685053, -0.07747443171525412, 0.4967918896784065, 0.29092560335034606, 0.04564104144367284, -0.03271712762254969, -0.18228559864992616, 0.5539637686592211, 0.20549652234280164, -0.836924125385364, 0.11294906856118936, -0.27422060693929406, -0.2669079930417837, -0.2796718812560343, -0.2476654174066347, -0.3950044335017103, 0.03434225015042201, -0.33841483459509186, -0.30676723361222114, 0.16398187554666407, -0.5812867816322528, -0.5732661735382505, -0.41147057380435914, -0.32603661783284155, -0.3610737486650623, -0.18419492589990144, 0.10472941823042063, 0.38699308974335433, -0.3493243058915698, -0.36659802212502723, 0.0940786752096163, 0.37990516600753294, 0.29947174274438143], [-0.24490356462431992, 0.14403797905253413, -0.23509917952436812, 0.6780095183044279, -0.5324903001456375, 1.0891621837905934, -0.22485273927681884, -0.08918298016669406, 0.30181132363571195, -0.455229774484242, 0.09080942571825652, 0.38730692195046, -0.13977300414256486, 0.6161363649643564, -0.005055164604760799, 0.007222761043725028, -0.04303185858791888, 0.06849713079328835, -0.5930847964193611, -0.4095709173406644, -0.6409293079394264, -0.43059442553308386, -0.04300147091455602, 0.01999276842632886, -1.05636841339297, 0.6628489484467233, -0.7242917317489457, 0.49129741029446894, -0.3997351828339625, -0.1344837375065905, -0.008122941549463795, 0.05435606883632776, 0.13159975172521637, -0.9507928945421015, -0.48153348456710554, 0.006511839328272564, 0.08015595410458337, 0.3330609601821124, -1.1154473601005492, -0.5102149745666806, 1.594360560108747, -0.103130901094194, 0.6502933859599017, 0.4258440348490514, 0.4593405803918438, 0.2890364757192078, 0.6010433465718952, -0.08250181500768318, 0.5910350572508143, 0.7118553221500447, -0.2321412625873129, 1.057116213246756, 0.9369616853609993, 0.6765943503315461, 0.5237987245526364, 0.5503845979108993, 0.3400826666808224, -0.2957612575995265, -0.7152079200277011, 0.7053138283625534, 0.638997069250772, -0.1382295478122233, -0.620424529901785, -0.6640382306391465], [0.18593090600718246, 0.18425882983822137, -0.25766395817470367, -0.46475982136601673, 0.25893263308419695, -0.22485273927681884, 0.9683110142312505, -0.1917290864528735, -0.15831666222851867, 0.381430225093729, 0.20955901657773, 0.3498154265130191, 0.2859562721601532, 0.3626331303671158, 0.195682269301721, 0.060470985400463355, 0.33761188545864146, 0.1938013699331622, 0.2194813088257738, 0.30281753691122976, -0.051599982939851075, 0.17618546795668621, 0.3588504561283884, -0.283842051680691, 0.17138766594848878, -0.31171469611740293, 0.5159241602215017, -0.0946782931467472, 0.5806456968511553, 0.4252480921735966, 0.6405720256743536, -0.2914201384888549, 0.6265831144028435, 0.4555497324705209, -0.0253787129403348, 0.22452981683055756, -0.4516363044893194, -0.489787339729185, 0.5085613555224268, -0.3138451402637657, -0.6082964483570121, 0.35269936042553185, -0.3644053159400388, 0.09731240031201309, 0.16457363804406147, -0.0912829003027697, -0.8832252399779915, 0.015684978848752022, -0.5982900388372148, 0.2590845862068787, -0.021710523261367968, -0.42736713801520376, -0.662911132776592, -0.42067870169528643, -0.3890432488663418, -0.7220853445039105, 0.24513194601066718, -0.22012697846060972, 0.45390705415849625, -0.0634521636639466, -0.6186448940464438, 0.15895589235210777, 0.26612428872998417, 0.23627253950586408], [-0.037132717222673556, 0.2888161593271202, 0.09507877256833865, -0.16462323493759218, 0.08798482283017608, -0.08918298016669406, -0.1917290864528735, 0.4480979257424627, 0.04113945649313296, -0.12727687375652957, -0.1118353197077855, 0.2045258322756248, -0.16136295507547907, -0.031234626656278852, -0.2755247493124643, 0.03618004562560794, -0.010377724186165303, -0.08001185460947176, 0.07086471964352759, 0.04136954833821811, 0.1403466378890831, 0.08712933091539674, 0.054182489974135335, -0.0345016097949085, 0.03287276473226274, 0.14347798312122084, -0.0015031560185030694, 0.08294171978188, -0.031560531156876896, 0.08474221829183025, -0.18317642098112294, 0.01941105457544136, -0.17096843811985812, 0.22727709588305647, 0.03511489202792941, -0.05308087825991382, 0.18087081723238818, -0.12049663930011108, 0.030068374580512456, 0.20290948420078098, 0.05227204691712046, -0.21092108061070078, -0.22259028970969222, 0.05763424408829685, -0.15320989616386285, -0.033048522581491345, -0.12515970717068634, -0.05024746024906601, -0.04889975772085543, -0.15760583047842944, 0.09573448399795383, 0.08820626731063656, -0.06127604355028698, -0.22119808682043252, 0.28962650256659467, -0.10921025636022788, -0.012449849881547763, 0.12652742447102588, 0.22510807097341598, 0.09512770986898561, -0.41623587798195816, 0.1973082903398927, -0.08711653054524758, 0.44747297389659835], [-0.04282254630243017, 0.12695250530795998, -0.2460346926620784, 0.33409246204341386, -0.09025223804369578, 0.30181132363571195, -0.15831666222851867, 0.04113945649313296, 0.44541753553048224, -0.2011412848399273, 0.2038275431478256, 0.3215119609394776, -0.03640711157598471, 0.13427582052811743, -0.034805573941981194, 0.06549318496104983, -0.0011894795804459222, 0.17716712191863795, -0.18481161117131695, -0.15225674211549384, -0.09141988729247037, -0.16784499165088293, -0.17489169850472316, -0.13617424045098508, -0.2621057019436536, 0.18195515355672798, -0.4974145014026252, 0.24260947053511905, -0.14563838114819408, -0.29337737607067377, -0.06303378170500114, -0.011433668949010878, -0.08367225001242992, -0.41116860046096504, -0.17795556592410494, -0.019696031962693386, 0.33597749225463996, 0.04572482598295326, -0.27647191545242306, -0.10067535938882229, 0.6313891620834083, -0.11837677436863761, 0.45803773574361734, 0.1116804760018919, -0.05593514234095138, 0.1072270309938919, 0.40244038761555007, 0.24933404988418434, 0.4353480784834843, 0.09517654244713009, -0.1345606430831063, 0.5364063676183248, 0.41720504255137414, 0.20588262988666506, 0.21290530126479218, 0.2729628323686278, 0.0813628224155967, -0.06685272333896647, -0.24724627937570778, 0.2598487790682963, 0.2724384603934438, 0.07421961351302607, -0.27860550169845866, -0.1920237980992227], [0.265435493429535, -0.05673974964770554, 0.0040113595746870115, -0.43808633527800644, 0.2984981159517166, -0.455229774484242, 0.381430225093729, -0.12727687375652957, -0.2011412848399273, 0.650010267135392, -0.06911547021623628, -0.1415638770625358, 0.08870506967304055, -0.07743214057069923, 0.2501422084717575, 0.02078044587050206, 0.05700946400399928, 0.01604437664854271, 0.466591119171483, 0.12346687391503369, 0.11462711668531211, 0.16501512777587293, 0.1448920820069125, 0.009114761232334845, 0.545363899063276, -0.27161161759559876, 0.5540325371858904, -0.4296999658653326, 0.31474693316565366, 0.24626674003221102, 0.14138668768031892, -0.15665762630802663, -0.05687232005468763, 0.4802061961233644, 0.14556585357900884, 0.1323148836660825, -0.33487122617777115, -0.14245743864586738, 0.4464549363011327, 0.13896033617272585, -0.7589775785226193, 0.15638042659312829, -0.2345298721112157, -0.08343998245186066, -0.15165727643523297, -0.03881369530771366, -0.5930109271401494, -0.03682244384233394, -0.5403673894885517, -0.009169774458962764, 0.22825330537003943, -0.5794700111055647, -0.7713431595904218, -0.347941694807502, -0.4419336742675548, -0.3465654220382609, -0.09244902639118703, 0.050389784592873126, 0.30387292996853643, -0.2592362877346176, -0.1766838489959925, 0.10604878308563884, 0.20773852484394392, 0.10574918292318253], [0.12244665576301884, 0.19631368840997088, -0.27951592906652034, 0.005026475350016529, -0.03362135714544622, 0.09080942571825652, 0.20955901657773, -0.1118353197077855, 0.2038275431478256, -0.06911547021623628, 0.395787121621969, 0.29088239471366406, 0.08182889190435697, 0.1524035145219926, -0.01859200923479561, 0.06256866628324825, 0.26023406909671215, 0.24909252223236833, 0.027617117070102816, 0.055745382498917584, -0.057676459117814056, -0.003679101816547695, -0.08919064362469706, -0.234656641915616, -0.15749879958935017, -0.12714534274070438, -0.07572309235322573, 0.21692214404728083, 0.13464979968934043, -0.029612320877622975, 0.2857378976737278, -0.053639710206962773, 0.2418002081827442, -0.19788073740682696, -0.051235840227843166, 0.05331100259636237, 0.013103837422376287, -0.20846786876798554, 0.03855111948165065, -0.23439838914281383, 0.1063119515244579, 0.12980151817808627, 0.21853820523828676, 0.040512169281322195, 0.015874358170886067, 0.01651926062136478, 0.04435956314969267, 0.2223031249439951, -0.0033683067653835, 0.10958135148413418, -0.10793499351531663, 0.19255265736354213, 0.03750633916155532, 0.11001399276166783, -0.021300396999080148, -0.02991840032201044, 0.1805057225666873, -0.2202150811761502, 0.017170976322905793, 0.15996277796091765, 0.020599743415541442, -0.05145973816661843, -0.0525276324904755, -0.008578601790975778], [-0.0413617749629944, 0.588307058052447, -0.4417666011389798, 0.04018008727016906, -0.0366891233473398, 0.38730692195046, 0.3498154265130191, 0.2045258322756248, 0.3215119609394776, -0.1415638770625358, 0.29088239471366406, 1.016318816983836, 0.043510759013898045, 0.5388382564415968, -0.12481592846073958, 0.10780193118711319, 0.22810571036188115, 0.28803132127741576, -0.20901082793372508, 0.018313255378782003, -0.27212450932971377, 0.04017625134762817, 0.12841414675672397, -0.308298295291513, -0.4960220698437162, 0.2749993157775749, -0.27060666796541816, 0.418188578749494, 0.10879736957466986, 0.1753332340018526, 0.28767437313392913, -0.22061312919290435, 0.4379045383453409, -0.2279944867767517, -0.3699748833788552, 0.1781443717552415, 0.057037392366187635, -0.42784729422995893, -0.2519882988659312, -0.36918036408935545, 0.7828986563867608, 0.031785567979712465, 0.12383512230642679, 0.4545519661353467, 0.1076343925975933, 0.1297711575594632, -0.22370012438545256, 0.14315331945380758, 0.041927557622844586, 0.35861133305417203, -0.1783958379666653, 0.6427241961023518, 0.18087414422931916, 0.033755016200411124, 0.33272543240263397, -0.22516402505281263, 0.46221046429385104, -0.36715764938435985, 0.14111377947726278, 0.48536317577527244, -0.4229076267899558, 0.3246845302663389, -0.3291829942217911, 0.18944486835988267], [-0.23297833817549296, -0.21100849345827286, -0.20768171309498587, 0.1659684602896116, 0.033670014674438906, -0.13977300414256486, 0.2859562721601532, -0.16136295507547907, -0.03640711157598471, 0.08870506967304055, 0.08182889190435697, 0.043510759013898045, 0.42657991701116477, 0.07958204679628171, 0.06225614041033138, -0.13610053814574666, 0.0029074688853481427, -0.01670966608550814, -0.208018582301938, 0.07594392529373656, -0.13248585353958411, 0.15229875080765082, 0.16935005703470155, 0.11480032268025087, 0.16189806748658683, 0.038616373780047245, 0.02499576015222516, -0.0386459534413289, -0.010397518780690418, -0.0201424078672489, 0.14716290020321213, -0.09602906408114857, 0.2689971155230727, -0.17707411700073175, -0.15172406875193842, 0.11927580531030822, -0.026724162277594294, 0.0061713211908957415, 0.15177592703615295, -0.1258154150516383, -0.07153969288113815, 0.3084013476312362, -0.10098022045316686, 0.01475072316511741, 0.11588589895078498, -0.16087161494408778, -0.10389906950176604, 0.0630333272364644, -0.042226816913672895, -0.10687212377516403, -0.2031276144560005, -0.12581187149270187, 0.09688992596339892, 0.055301001875238634, -0.14263236293637732, -0.1808642399975239, 0.07845547514117639, -0.19918133398461627, 0.12100128615069222, -0.23817154006145672, -0.025113424379825798, -0.04863741912790888, 0.2139092228312886, -0.09666720777637187], [-0.14787803940202407, 0.27131414936666176, -0.333250347350118, 0.2122850660317498, -0.1954216563429888, 0.6161363649643564, 0.3626331303671158, -0.031234626656278852, 0.13427582052811743, -0.07743214057069923, 0.1524035145219926, 0.5388382564415968, 0.07958204679628171, 0.8355155708667759, -0.0234323314776783, 0.043436139996966515, 0.12343618706147136, 0.11983779986079568, -0.30874196669089166, -0.15694293944786772, -0.5463888889471914, -0.13171888604627724, 0.24276608965872296, -0.058052248382054514, -0.5891888008535354, 0.42507097023956625, -0.0997912467722675, 0.2551576888392363, -0.036705260225983215, 0.1855642354396034, 0.3177935112576425, -0.10456073996973643, 0.36956223202944827, -0.4679172701979361, -0.3235420347655499, 0.15296796090079576, -0.19175942224180217, 0.04858112573408832, -0.5441182808069346, -0.5983612269122882, 0.8494999648604658, 0.14924757925042867, 0.1737640394608661, 0.41637177110658813, 0.438582897977394, 0.03871464517780227, -0.16829761256884074, -0.12302944669863965, 0.0008512557498695999, 0.7177301058107967, -0.08160653059697973, 0.49230499384145443, 0.25355456570632057, 0.21344181757470526, 0.21763187375745197, -0.0532311646052321, 0.398727678718162, -0.3711992022126351, -0.18453044105397026, 0.5167992826971092, 0.0359665583786441, -0.09418890200975179, -0.27180509602935804, -0.296242159841772], [0.08556692977172052, -0.3053009773422671, -0.035124937470552293, 0.10529563237886924, 0.10307419222728402, -0.005055164604760799, 0.195682269301721, -0.2755247493124643, -0.034805573941981194, 0.2501422084717575, -0.01859200923479561, -0.12481592846073958, 0.06225614041033138, -0.0234323314776783, 0.403267415089477, 0.07807310088337552, -0.07699403362396237, 0.12990300960905804, -0.000852711987162566, 0.030379396069856235, 0.056333418104932795, -0.02563941607025537, -0.051781963772115594, -0.012194976568810295, 0.12744011787601406, -0.20247285637731893, 0.048347558929158374, -0.16534414493299543, 0.10908933216883185, -0.06647327604669166, 0.12937333702811957, -0.12051619039890947, 0.07182547552326383, 0.019994244761112917, 0.046386342743350774, 0.015822852300175185, -0.17299363241956528, 0.004224793338360361, 0.011663577810343231, -0.05083220274516984, -0.22065930255203908, 0.17821306949264548, 0.15674679490320018, -0.0846743702523152, -0.006556053430627367, 0.044375213323221536, -0.018727125104696807, -0.0003338547677155192, -0.013693393790040202, 0.08576848633238623, 0.06235757438872043, -0.20626817526295987, -0.14497535983026752, 0.03199253490259032, -0.4100175454896347, 0.02097638635048042, -0.04836247515859345, -0.012334093554226667, -0.10791786144276562, -0.1480147791831243, 0.21168988554268645, -0.034672774467518964, 0.11961361450293789, -0.3215892208798791], [0.15886105145472512, 0.0902651336942324, -0.0010805445708993537, -0.08414485486402995, 0.11072737227773385, 0.007222761043725028, 0.060470985400463355, 0.03618004562560794, 0.06549318496104983, 0.02078044587050206, 0.06256866628324825, 0.10780193118711319, -0.13610053814574666, 0.043436139996966515, 0.07807310088337552, 0.16704112591901416, 0.03904792863725085, 0.1613600568754318, 0.10116173053686914, 0.0662413500719741, 0.13953062444959644, 0.0102562237554042, -0.09968762041714391, -0.16358753596067327, 0.012576030198329256, -0.16768229832196221, 0.06195876976488962, 0.005960811721472544, 0.12497290148934269, 0.0121935540476002, 0.10042686415732428, -0.03865686695327426, 0.023330118473549055, 0.11839689911492057, 0.14453340965336078, -0.039855815241721035, -0.048571974257766326, -0.14806136095995595, 0.0475104044452857, -0.04571659949579946, -0.12714847839792218, -0.011376755283296623, 0.06180982414400858, -0.024156422903571746, -0.10519359185712066, 0.027212451180535824, -0.06423161297167496, 0.016846679451444708, -0.04210289996020438, 0.08189391376723815, 0.13194992210266493, -0.03227135671564892, -0.17058411189587458, -0.07956558542077007, -0.12055196885369433, -0.02117267847444724, 0.010827099244158866, 0.017601713863052006, 0.03093203987322413, 0.08284798407940759, -0.10881778166858788, 0.023700840026895875, 9.543023765856516e-05, 0.0383520994004012], [0.3053763463433615, 0.39299778418068326, -0.16886275912392182, -0.39186114202766054, -0.008488713367686146, -0.04303185858791888, 0.33761188545864146, -0.010377724186165303, -0.0011894795804459222, 0.05700946400399928, 0.26023406909671215, 0.22810571036188115, 0.0029074688853481427, 0.12343618706147136, -0.07699403362396237, 0.03904792863725085, 0.44667427712313335, 0.1306690504651861, 0.31277076727117603, 0.12390517327612753, -0.07173379898325426, -0.04956011323661722, 0.06621641820238681, -0.3422709498320534, -0.0792609259461892, -0.19673763517380904, 0.13261548119554156, 0.16748021707590963, 0.399531231677435, 0.2069640240783556, 0.3415205382863799, -0.09612187749478157, 0.2871852884538355, 0.230530413287682, -0.03416119823586902, 0.05944844876603984, -0.18168821450271297, -0.40789193613491714, 0.2447706588791629, -0.11636959375485253, -0.16852240156458584, -0.003259982108359769, -0.07443976012717467, 0.02713599564069715, 0.013583243432032932, 0.08724733545562541, -0.310813598632939, 0.15602814077916105, -0.307908534537883, 0.10035298576903048, -0.03994791838899804, 0.027096807596445657, -0.34401018030202385, -0.14759270702585808, 0.0008997206802833889, -0.3078967890905695, 0.1737696297194618, -0.08763169423524278, 0.21509862300334653, 0.1692872097403453, -0.2959414121860139, 0.10233223920633536, -0.0855647545472745, 0.304919456052299], [0.16733212994187815, 0.15821690687020185, -0.17194095125029116, -0.016813743151841167, 0.04018109553405445, 0.06849713079328835, 0.1938013699331622, -0.08001185460947176, 0.17716712191863795, 0.01604437664854271, 0.24909252223236833, 0.28803132127741576, -0.01670966608550814, 0.11983779986079568, 0.12990300960905804, 0.1613600568754318, 0.1306690504651861, 0.3243705281576479, 0.07725240137341945, 0.04237385945793739, 0.06062460249433407, 0.012264895888338158, -0.12702269124788212, -0.23970581482213088, -0.1146307389543388, -0.21268119193170545, -0.016353188691983895, 0.10146726952916416, 0.1878294725641876, 0.010046667652438666, 0.24283569743571226, -0.08788942203797255, 0.21004834416569648, -0.01903942450885684, 0.0411207524971009, 0.005097142334297019, -0.04100797211035609, -0.2636866442652641, 0.05010488152964041, -0.18293450492238497, -0.012858140353975263, 0.08390030942440278, 0.17808763159703736, 0.07220094662146463, -0.06214217322146172, 0.08952563055771362, -0.04062030041376562, 0.1435909889929202, 0.00650414754541388, 0.1373289847341886, 0.016398446166055746, 0.09551768986208486, -0.08047785045844126, 0.020285069942683105, -0.17327671841715, -0.03151579703409523, 0.142681340738989, -0.12195067621132692, 0.033569495798412265, 0.1240820776595982, -0.08097127484945942, 0.050640714100751126, -0.02991709683991316, -0.01583002126095244], [0.5984985243108627, 0.3967720167133976, 0.19046819229011083, -0.9378436275582949, 0.22555990619733046, -0.5930847964193611, 0.2194813088257738, 0.07086471964352759, -0.18481161117131695, 0.466591119171483, 0.027617117070102816, -0.20901082793372508, -0.208018582301938, -0.30874196669089166, -0.000852711987162566, 0.10116173053686914, 0.31277076727117603, 0.07725240137341945, 0.9874165434231429, 0.1683257117661707, 0.3817521542089064, 0.10519390516291428, 0.0049871696525394015, -0.2904021400754103, 0.4906157034881812, -0.5966773956048761, 0.6993070914268315, -0.34439809240786273, 0.6061930009654721, 0.40540965997396783, 0.12823365272453063, -0.010146701931497524, -0.11121371301659144, 0.9416443929434444, 0.36717798160169857, -0.04867284327806912, -0.30502007941006154, -0.47805890849259564, 0.7749132187093813, 0.32826411082832085, -1.1256913675719558, -0.16269564887339044, -0.39916488444243514, -0.12330816978069344, -0.3416936668377343, 0.12143015944552786, -0.684857299045787, 0.04439484802038853, -0.6781907152280255, -0.1202579831129312, 0.37046320150545337, -0.5915102857812727, -1.053318011544121, -0.6115090917040318, -0.3270988755409742, -0.415400853535407, -0.09647522212465373, 0.31061350044721825, 0.5032340848666115, -0.1055666576991804, -0.5736552282540087, 0.22479246291637422, 0.05846031572345598, 0.6309850307536957], [0.12011818885225309, -0.009848499351488243, 0.028904512921094593, -0.3180931955188563, 0.3298039819239779, -0.4095709173406644, 0.30281753691122976, 0.04136954833821811, -0.15225674211549384, 0.12346687391503369, 0.055745382498917584, 0.018313255378782003, 0.07594392529373656, -0.15694293944786772, 0.030379396069856235, 0.0662413500719741, 0.12390517327612753, 0.04237385945793739, 0.1683257117661707, 0.41777566653334747, 0.30604850304780923, 0.2361603800303042, 0.07933502119008615, -0.17004552600005082, 0.39766321359380585, -0.4142388395367946, 0.3378316344265753, -0.05678666903060194, 0.31827065750318323, 0.07669058247110276, 0.2519213525564196, -0.1640095342369861, 0.21492518178796144, 0.4405165815981221, 0.24987357783921524, 0.07378290657652412, -0.135555648608679, -0.32063316270289266, 0.5261126913670399, 0.061573452635105226, -0.7528090690896878, 0.14294146844017674, -0.35149198217789784, -0.2117528966158666, -0.13018256778026158, -0.18985916078362908, -0.3756219872656782, 0.023409332990206044, -0.33743967712852285, -0.24894595637512046, 0.03340515375201318, -0.5065117605008868, -0.44948648996168317, -0.28458093382783767, -0.2714639976621917, -0.3921209731612272, -0.06404011187567756, -0.008002127269436294, 0.3919904144480504, -0.29634128911727864, -0.5010238349186573, 0.05748601754957564, 0.3758888463691022, 0.36460030216501604], [0.21874307830890807, -0.11434388062702504, 0.32004657638181316, -0.38381251186472265, 0.41539587853777155, -0.6409293079394264, -0.051599982939851075, 0.1403466378890831, -0.09141988729247037, 0.11462711668531211, -0.057676459117814056, -0.27212450932971377, -0.13248585353958411, -0.5463888889471914, 0.056333418104932795, 0.13953062444959644, -0.07173379898325426, 0.06062460249433407, 0.3817521542089064, 0.30604850304780923, 0.759502315791642, 0.2510928211102657, -0.17043828025045243, -0.1265293866469217, 0.6440334409332966, -0.6197736994185293, 0.34995664953607497, -0.2657345923470485, 0.2450095817748279, -0.05184346380078939, -0.06791653037896485, 0.028936525747684867, -0.2289390318193275, 0.7468356500153026, 0.46403793407391125, -0.1483065731814924, 0.11813968015337863, -0.2518503148811825, 0.6992773945469167, 0.4656255734773935, -1.130348326385781, -0.042112500698818466, -0.3021799597857884, -0.3396079822319185, -0.4280979238338105, -0.15575760046338463, -0.19369363821208116, 0.0731511951340753, -0.19122864734516581, -0.5410435801762553, 0.2909714522848687, -0.6255487879878059, -0.5007781738133835, -0.5053483542567099, -0.3724417669999138, -0.23925021854836553, -0.2819389977323764, 0.36338124444753034, 0.4179565957829629, -0.42418829589872403, -0.43180752940979555, 0.10471791599353508, 0.37646004968283353, 0.45858305589023013], [-0.05344529921961328, -0.04414004500316973, 0.05451576706678804, -0.19371022624519688, 0.2609320424916232, -0.43059442553308386, 0.17618546795668621, 0.08712933091539674, -0.16784499165088293, 0.16501512777587293, -0.003679101816547695, 0.04017625134762817, 0.15229875080765082, -0.13171888604627724, -0.02563941607025537, 0.0102562237554042, -0.04956011323661722, 0.012264895888338158, 0.10519390516291428, 0.2361603800303042, 0.2510928211102657, 0.39335497810465614, 0.08360836164062495, 0.07891359198490713, 0.4069810243324375, -0.2033171307275681, 0.4134980723976968, -0.18425580669582312, 0.08123131697041107, 0.15985804694121072, 0.06799555319772711, -0.05165125996523017, 0.08520015722413471, 0.26782789156976206, 0.19165072618952883, 0.05538452612214616, -0.08497520012006336, -0.16662902056456128, 0.38888903809925424, 0.09128382312440822, -0.59168424133884, 0.23172214503483188, -0.3722685668890184, -0.06424422763728967, -0.13590169407689826, -0.2240082485852323, -0.3519502007725061, -0.07314289900062144, -0.33013784440777594, -0.26101811764199934, 0.09881711706454269, -0.4376130246762108, -0.3254599181394638, -0.22296274165744, -0.2087767556038326, -0.281181377568, -0.020414305721972385, -0.05279397395197061, 0.4184462090739396, -0.3037169690285913, -0.41950332128274936, 0.0028456486672690014, 0.3379344086235729, 0.29690990298209086], [-0.1310252473099792, 0.10593875669178639, -0.03852925786079613, -0.22465329650506088, 0.03390238680490733, -0.04300147091455602, 0.3588504561283884, 0.054182489974135335, -0.17489169850472316, 0.1448920820069125, -0.08919064362469706, 0.12841414675672397, 0.16935005703470155, 0.24276608965872296, -0.051781963772115594, -0.09968762041714391, 0.06621641820238681, -0.12702269124788212, 0.0049871696525394015, 0.07933502119008615, -0.17043828025045243, 0.08360836164062495, 0.4165093539993588, 0.047686670861293246, -0.007508272265398321, 0.16207464076432312, 0.2785195316235623, -0.043221458411728635, 0.14728344754145514, 0.31971680955669796, 0.1704270077006239, -0.1213335769308741, 0.23185507733596822, 0.21458798736979806, -0.1373688202773801, 0.17785336941761343, -0.19653843159308046, -0.07815157910953702, 0.10078303515635373, -0.08603526463993172, -0.12420862134271111, 0.08575246974290794, -0.4081474915091908, 0.1641910859691008, 0.2397125778173914, -0.10218133837787464, -0.5545462077206829, -0.17496605556504058, -0.32630184458610484, 0.14988404859419555, -0.07237416868637614, -0.18025389790461194, -0.18156873446001745, -0.21695823940764994, 0.06359124497047967, -0.39201734775634905, 0.10985905768066545, -0.09252605332101746, 0.2395251617058866, -0.03416078561719579, -0.3998225890852122, 0.13944328471354508, 0.11198426415603886, 0.20991289080680006], [-0.3414730968148511, -0.3822374392381814, 0.14743518297898117, 0.36154080163608615, -0.09454588532378508, 0.01999276842632886, -0.283842051680691, -0.0345016097949085, -0.13617424045098508, 0.009114761232334845, -0.234656641915616, -0.308298295291513, 0.11480032268025087, -0.058052248382054514, -0.012194976568810295, -0.16358753596067327, -0.3422709498320534, -0.23970581482213088, -0.2904021400754103, -0.17004552600005082, -0.1265293866469217, 0.07891359198490713, 0.047686670861293246, 0.47484705232396723, 0.05828257938406706, 0.3381813540777469, -0.013758839284518688, -0.1633606470388886, -0.44230436167541426, -0.09299115755455266, -0.3113823967404035, 0.1313339272034058, -0.2680205780835304, -0.3250856316096328, -0.05283665041602701, 0.004623368749240163, 0.07726548161984136, 0.4918113104686572, -0.2972280044741843, 0.0745068178891949, 0.21323602485673523, 0.10675758269153687, -0.015256968376506976, -0.0005468912827197611, 0.11391912566754332, -0.15159469443433798, 0.2424977762279463, -0.21109590115303412, 0.1315061879040339, -0.1033829791028589, -0.03074306210019919, -0.04878516252983764, 0.3274822711728543, 0.23587675918679535, 0.07547447675531471, 0.26640465474645614, -0.13069089867771552, -0.01803101283000585, -0.17597402128014125, -0.1941298469828057, 0.3929971571512372, -0.22329500847661513, 0.09854896607590141, -0.3076456060232725], [0.19507219161047165, -0.3787883072249935, 0.21361840052277298, -0.47168863232009395, 0.6224383446625836, -1.05636841339297, 0.17138766594848878, 0.03287276473226274, -0.2621057019436536, 0.545363899063276, -0.15749879958935017, -0.4960220698437162, 0.16189806748658683, -0.5891888008535354, 0.12744011787601406, 0.012576030198329256, -0.0792609259461892, -0.1146307389543388, 0.4906157034881812, 0.39766321359380585, 0.6440334409332966, 0.4069810243324375, -0.007508272265398321, 0.05828257938406706, 1.225233346217649, -0.6274631436901977, 0.6405903311786916, -0.5913881035464292, 0.28320555053030255, -0.057633339406825315, -0.07548886558170162, -0.08983480360199052, -0.29159666818568947, 0.8020052862193796, 0.4947987660286871, -0.02376497176781711, -0.048475869350846044, -0.14292479886924886, 1.0024359883687763, 0.534825520075454, -1.5272404869747105, 0.16965409687674937, -0.4884833000041776, -0.5183410360581803, -0.5037051944687208, -0.3642570539758505, -0.43658998294501095, 0.07175936896164714, -0.4971711837272607, -0.7039946165184772, 0.30160202227250266, -1.0821832551977597, -0.894586296061045, -0.5997346176479649, -0.6206250384640494, -0.4278297135262084, -0.4231233976010968, 0.32419893531108, 0.5769647755930232, -0.7717661397484263, -0.3768124867085603, 0.012509818035409114, 0.6223390068562387, 0.40043870108667023], [-0.45411713502024975, 0.043494311669191085, -0.15493340160173716, 0.6141719641151111, -0.3533027271303884, 0.6628489484467233, -0.31171469611740293, 0.14347798312122084, 0.18195515355672798, -0.27161161759559876, -0.12714534274070438, 0.2749993157775749, 0.038616373780047245, 0.42507097023956625, -0.20247285637731893, -0.16768229832196221, -0.19673763517380904, -0.21268119193170545, -0.5966773956048761, -0.4142388395367946, -0.6197736994185293, -0.2033171307275681, 0.16207464076432312, 0.3381813540777469, -0.6274631436901977, 0.970584560034862, -0.5598305801882683, 0.26314218302832026, -0.6053981751964904, -0.07160800378833847, -0.29681363826372514, 0.08128281896971082, -0.17262067915266638, -0.8186207254282439, -0.5198170754512008, 0.08809246460305509, 0.23703735962134012, 0.5066636080797624, -0.9213451612052104, -0.1952225289371167, 1.3925496524136665, -0.09218494556372597, 0.3039479952961261, 0.36429242361031966, 0.33062516480715476, 0.032540783870345535, 0.38748348831058776, -0.1530101642342637, 0.41093119408043927, 0.3179572490140069, -0.2798196558999381, 0.801671038871788, 0.817884438312365, 0.4719221623931203, 0.6908533340742239, 0.3942011520247939, 0.15457335328160152, -0.23430858468503216, -0.45093624611733235, 0.4011947543655412, 0.5042395396649757, -0.02035749848009171, -0.43390210521422906, -0.4068913376047341], [0.29679547500868053, 0.1026180338281431, 0.25806093152570947, -0.8928236688936608, 0.35928594992870805, -0.7242917317489457, 0.5159241602215017, -0.0015031560185030694, -0.4974145014026252, 0.5540325371858904, -0.07572309235322573, -0.27060666796541816, 0.02499576015222516, -0.0997912467722675, 0.048347558929158374, 0.06195876976488962, 0.13261548119554156, -0.016353188691983895, 0.6993070914268315, 0.3378316344265753, 0.34995664953607497, 0.4134980723976968, 0.2785195316235623, -0.013758839284518688, 0.6405903311786916, -0.5598305801882683, 1.1573067051013481, -0.5046422810510157, 0.5293420555201872, 0.6010041107201164, 0.31141773834546815, -0.05840541733056509, 0.15249869062148597, 0.9481032816516577, 0.48496756268217667, 0.08918246038209612, -0.5772048598422339, -0.35058002056484966, 0.8115013002906133, 0.1069834212046451, -1.4607227110331304, 0.23021410711733772, -0.7944252031214848, -0.12005747219076636, -0.0871058837048787, -0.20733525809123507, -1.048361993744285, -0.2690048852567016, -0.958723414436791, -0.03850463729994999, 0.4061746351742783, -1.0609263838544731, -1.1290797536923791, -0.6467957124541783, -0.5314123121532381, -0.6518621196248303, -0.07992390854574107, 0.09120907721770989, 0.6854925254285373, -0.35394789929545467, -0.7905374138599484, -0.002389627763380916, 0.5201359891574561, 0.5581985384113036], [-0.10501811252678817, 0.23741995530151697, -0.21539579202339684, 0.3083941818466559, -0.2529402812765626, 0.49129741029446894, -0.0946782931467472, 0.08294171978188, 0.24260947053511905, -0.4296999658653326, 0.21692214404728083, 0.418188578749494, -0.0386459534413289, 0.2551576888392363, -0.16534414493299543, 0.005960811721472544, 0.16748021707590963, 0.10146726952916416, -0.34439809240786273, -0.05678666903060194, -0.2657345923470485, -0.18425580669582312, -0.043221458411728635, -0.1633606470388886, -0.5913881035464292, 0.26314218302832026, -0.5046422810510157, 0.5241936217249346, -0.10538853218252854, -0.14205675095860212, 0.09529290486898256, -0.028099619670537125, 0.20819055458393684, -0.46312238032443354, -0.2629572603090033, 0.03491476127136895, 0.19853007330794326, -0.045590832068414536, -0.4298908254928526, -0.2606274210850031, 0.8097288304373387, -0.09011345245176099, 0.28327201879367003, 0.16591688774079852, 0.19709855281805685, 0.09297549181538639, 0.35735683284371794, 0.12007044526850892, 0.33538231745194536, 0.15735684786503973, -0.29035822122123567, 0.6370727595413086, 0.5563635714463909, 0.34797163910968404, 0.3930172903648227, 0.16928012320264532, 0.22108779572292908, -0.21780602553975054, -0.2167262255753009, 0.3466337924914184, 0.12408204048150401, 0.008319774215958226, -0.2602417317255463, -0.05685032161370754], [0.4469565462546696, 0.3381711738078864, -0.023885922463090962, -0.7624933382049495, 0.22888741656255007, -0.3997351828339625, 0.5806456968511553, -0.031560531156876896, -0.14563838114819408, 0.31474693316565366, 0.13464979968934043, 0.10879736957466986, -0.010397518780690418, -0.036705260225983215, 0.10908933216883185, 0.12497290148934269, 0.399531231677435, 0.1878294725641876, 0.6061930009654721, 0.31827065750318323, 0.2450095817748279, 0.08123131697041107, 0.14728344754145514, -0.44230436167541426, 0.28320555053030255, -0.6053981751964904, 0.5293420555201872, -0.10538853218252854, 0.7403536593136908, 0.362709531149053, 0.45265292129964596, -0.1993548007982957, 0.3824343609061651, 0.8306432106098114, 0.20615919937537186, 0.0551019839561451, -0.36882206396783485, -0.6584003310016725, 0.723080461610877, 0.020841990971928112, -0.948376504961295, 0.019171975568282724, -0.4081260644151966, -0.05810568990159846, -0.10833083546154464, 0.08801201697701645, -0.7594727070608311, 0.10219921276596423, -0.5701190615528112, 0.020998738413034086, 0.15020570319531965, -0.506492483451801, -0.8545240772633229, -0.5517415678549448, -0.3894183284758046, -0.6225173691235942, 0.07519710721765831, 0.09319209542556361, 0.5079453213569115, -0.08235016631551817, -0.7466738027524086, 0.2733232810322304, 0.17963208213561738, 0.5438084056867631], [0.1699762342509982, 0.4332802489844846, 0.05095938109634346, -0.6427303522203515, 0.016754512878161352, -0.1344837375065905, 0.4252480921735966, 0.08474221829183025, -0.29337737607067377, 0.24626674003221102, -0.029612320877622975, 0.1753332340018526, -0.0201424078672489, 0.1855642354396034, -0.06647327604669166, 0.0121935540476002, 0.2069640240783556, 0.010046667652438666, 0.40540965997396783, 0.07669058247110276, -0.05184346380078939, 0.15985804694121072, 0.31971680955669796, -0.09299115755455266, -0.057633339406825315, -0.07160800378833847, 0.6010041107201164, -0.14205675095860212, 0.362709531149053, 0.6674509930078943, 0.27045476137988694, -0.04217502444457419, 0.31571829583123967, 0.5258874696201086, 0.022708973848222843, 0.09274081536283457, -0.4468659639940437, -0.38331968805102434, 0.26750081232701395, -0.08108237871562146, -0.4002437947785889, 0.047294285536998944, -0.5136760411135697, 0.24614502764443588, 0.10383809895918512, 0.09191906217514864, -0.8341795719463947, -0.22323761265650752, -0.6254929068683711, 0.26747545488728347, 0.16448689939521802, -0.2560069857771425, -0.5887642454402133, -0.3874901416298757, -0.033331172751105594, -0.4950072436865068, 0.21276096662221847, -0.06126972034071789, 0.4165892941603322, 0.13952317330393024, -0.7033295969651677, 0.21836789293120126, 0.0010370323423119004, 0.46057293185102494], [0.19162540686684257, 0.21092762866900552, -0.22467929386302754, -0.292191119073765, 0.10781139017093239, -0.008122941549463795, 0.6405720256743536, -0.18317642098112294, -0.06303378170500114, 0.14138668768031892, 0.2857378976737278, 0.28767437313392913, 0.14716290020321213, 0.3177935112576425, 0.12937333702811957, 0.10042686415732428, 0.3415205382863799, 0.24283569743571226, 0.12823365272453063, 0.2519213525564196, -0.06791653037896485, 0.06799555319772711, 0.1704270077006239, -0.3113823967404035, -0.07548886558170162, -0.29681363826372514, 0.31141773834546815, 0.09529290486898256, 0.45265292129964596, 0.27045476137988694, 0.6044421791174418, -0.2061517204331037, 0.5750190789483584, 0.18319802228887846, 0.02835289319906839, 0.15802755015574782, -0.3716414371814779, -0.404966466342896, 0.26430882040706893, -0.37397982122028145, -0.33490364933223254, 0.2631168250553356, -0.14047738999332293, 0.06113039819278345, 0.16676283410533174, -0.010478794812643542, -0.5126904645308742, 0.048150399378934734, -0.3778356264080247, 0.28625832289466085, -0.04151486316037972, -0.1897664403548421, -0.37180460067863264, -0.13142964595703255, -0.26501439872867727, -0.43040192734969307, 0.2391111309164199, -0.2694787012270966, 0.23793866435972377, 0.07625528931620866, -0.38484192007005713, 0.028484197900359276, 0.164459633946062, 0.11643478300421664], [-0.047207956942676335, -0.025623125079205836, 0.16718420978012358, 0.07094959639995911, -0.15494410479685053, 0.05435606883632776, -0.2914201384888549, 0.01941105457544136, -0.011433668949010878, -0.15665762630802663, -0.053639710206962773, -0.22061312919290435, -0.09602906408114857, -0.10456073996973643, -0.12051619039890947, -0.03865686695327426, -0.09612187749478157, -0.08788942203797255, -0.010146701931497524, -0.1640095342369861, 0.028936525747684867, -0.05165125996523017, -0.1213335769308741, 0.1313339272034058, -0.08983480360199052, 0.08128281896971082, -0.05840541733056509, -0.028099619670537125, -0.1993548007982957, -0.04217502444457419, -0.2061517204331037, 0.2345017301782594, -0.19429767340260465, -0.09566947483597234, 0.04343060236119038, -0.12090246005006118, 0.10896965152508802, 0.19118453025429946, -0.11246876987055655, 0.08304697316633394, 0.11176407271256199, -0.10035374573870337, 0.0739207450624756, -0.00194986705519423, -0.01039351194247826, 0.033727057305126665, 0.24431337190194694, -0.04246985956671627, 0.15580763674090928, -0.03425660046863185, 0.06277469714455601, 0.11421738868132479, 0.20032594161294376, 0.06612001284254124, 0.12584831954598627, 0.22532330013304147, -0.06255583641794477, 0.11336378434567836, -0.1385061306593548, 0.06266550029907275, 0.19751480026096407, -0.11867791963083385, -0.09645603435258321, -0.07487304875026075], [-0.026035986781761316, 0.2334620953770255, -0.292830508368937, -0.16916613699153157, -0.07747443171525412, 0.13159975172521637, 0.6265831144028435, -0.17096843811985812, -0.08367225001242992, -0.05687232005468763, 0.2418002081827442, 0.4379045383453409, 0.2689971155230727, 0.36956223202944827, 0.07182547552326383, 0.023330118473549055, 0.2871852884538355, 0.21004834416569648, -0.11121371301659144, 0.21492518178796144, -0.2289390318193275, 0.08520015722413471, 0.23185507733596822, -0.2680205780835304, -0.29159666818568947, -0.17262067915266638, 0.15249869062148597, 0.20819055458393684, 0.3824343609061651, 0.31571829583123967, 0.5750190789483584, -0.19429767340260465, 0.8639780075571734, 0.025871727403863492, -0.1347005190904503, 0.1515975101111859, -0.38001321348436745, -0.49802107772296944, 0.15389260447780873, -0.48734470722689416, -0.015293832488038386, 0.2835920565706946, -0.2079384048675623, 0.21414155679329983, 0.2748083104191509, 0.08330941239545338, -0.4457336922390699, 0.01594844878864131, -0.21188838316601347, 0.3373878184908491, -0.17769095569510926, -0.009754634870238806, -0.09383508276553139, -0.026627496040157874, -0.16110256234063158, -0.4193411170589219, 0.37523845582223553, -0.36160667003564473, 0.20653139424390735, 0.13514175223200248, -0.5503590621028279, 0.10543414622002739, 0.09320779797018414, 0.11281344301015081], [0.5223788777686965, 0.3050844220290055, 0.44348026577528477, -1.217766021894998, 0.4967918896784065, -0.9507928945421015, 0.4555497324705209, 0.22727709588305647, -0.41116860046096504, 0.4802061961233644, -0.19788073740682696, -0.2279944867767517, -0.17707411700073175, -0.4679172701979361, 0.019994244761112917, 0.11839689911492057, 0.230530413287682, -0.01903942450885684, 0.9416443929434444, 0.4405165815981221, 0.7468356500153026, 0.26782789156976206, 0.21458798736979806, -0.3250856316096328, 0.8020052862193796, -0.8186207254282439, 0.9481032816516577, -0.46312238032443354, 0.8306432106098114, 0.5258874696201086, 0.18319802228887846, -0.09566947483597234, 0.025871727403863492, 1.6524715885156356, 0.4966048054529305, -0.05161890472632421, -0.3238989852217879, -0.7273705834176161, 1.2020530053808172, 0.558465219622372, -1.8039980901523693, -0.14402502250264357, -0.9358334676153837, -0.2136611764472399, -0.37188671090532166, -0.043321043915246875, -1.1286846468927276, -0.04643506965792278, -0.8452074516958582, -0.4026905421157546, 0.4327066441368465, -1.068230665566735, -1.3133834298329252, -1.116744983211808, -0.47451050133916334, -0.9012221137865689, -0.20657544736021113, 0.5100891219409913, 0.9054412968553764, -0.4259605665345941, -1.2173575152234557, 0.46415801304710885, 0.419429113327454, 1.0381353978171368], [0.23718419619756245, -0.12136050168066566, 0.2736292196188017, -0.3483661054947179, 0.29092560335034606, -0.48153348456710554, -0.0253787129403348, 0.03511489202792941, -0.17795556592410494, 0.14556585357900884, -0.051235840227843166, -0.3699748833788552, -0.15172406875193842, -0.3235420347655499, 0.046386342743350774, 0.14453340965336078, -0.03416119823586902, 0.0411207524971009, 0.36717798160169857, 0.24987357783921524, 0.46403793407391125, 0.19165072618952883, -0.1373688202773801, -0.05283665041602701, 0.4947987660286871, -0.5198170754512008, 0.48496756268217667, -0.2629572603090033, 0.20615919937537186, 0.022708973848222843, 0.02835289319906839, 0.04343060236119038, -0.1347005190904503, 0.4966048054529305, 0.5272726475390483, -0.09861316893768528, -0.1231203226781714, -0.10414726848088397, 0.502251727530622, 0.187018318921454, -0.9652334350983834, 0.01838834221023977, -0.2647950579317948, -0.327281333758206, -0.2653311972934515, -0.15679041243606406, -0.18943234406830123, -0.06789583624615127, -0.28521043968970206, -0.2541462137584438, 0.28808767917098094, -0.6544350836073796, -0.5431759274797393, -0.27884640367199165, -0.3880654488893313, -0.10300723053338734, -0.2552012183162236, 0.20527207759660032, 0.2419913739054684, -0.3076132580166107, -0.249511886979583, -0.12128675808258076, 0.3792805773497548, 0.2461554869454193], [-0.040900554567817105, 0.04779202868540592, -0.12688904335875234, -0.04133172574365284, 0.04564104144367284, 0.006511839328272564, 0.22452981683055756, -0.05308087825991382, -0.019696031962693386, 0.1323148836660825, 0.05331100259636237, 0.1781443717552415, 0.11927580531030822, 0.15296796090079576, 0.015822852300175185, -0.039855815241721035, 0.05944844876603984, 0.005097142334297019, -0.04867284327806912, 0.07378290657652412, -0.1483065731814924, 0.05538452612214616, 0.17785336941761343, 0.004623368749240163, -0.02376497176781711, 0.08809246460305509, 0.08918246038209612, 0.03491476127136895, 0.0551019839561451, 0.09274081536283457, 0.15802755015574782, -0.12090246005006118, 0.1515975101111859, -0.05161890472632421, -0.09861316893768528, 0.2056133841986223, -0.09114431985938458, -0.028627980797418573, 0.016523490791202616, -0.13008616367155346, 0.03363292539330999, 0.08702473531256859, -0.08031933673239466, 0.08366154184983639, 0.12982681178692154, -0.06797864567580321, -0.22816384789230892, -0.018037540981693464, -0.1392650965384584, 0.11249976475986384, -0.12329453163190231, -0.03703013237959786, -0.05235133429861985, 0.015829989696849497, 0.018175992852628393, -0.15124801878851207, 0.06830662804713188, -0.17721777971444436, 0.06839931502550527, -0.019644058173494842, -0.06543395994832986, 0.058830773593880246, 0.08139154160413697, 0.008101757684627113], [-0.21422588576356127, -0.10971297127863414, -0.008844544894848637, 0.44289646154963186, -0.03271712762254969, 0.08015595410458337, -0.4516363044893194, 0.18087081723238818, 0.33597749225463996, -0.33487122617777115, 0.013103837422376287, 0.057037392366187635, -0.026724162277594294, -0.19175942224180217, -0.17299363241956528, -0.048571974257766326, -0.18168821450271297, -0.04100797211035609, -0.30502007941006154, -0.135555648608679, 0.11813968015337863, -0.08497520012006336, -0.19653843159308046, 0.07726548161984136, -0.048475869350846044, 0.23703735962134012, -0.5772048598422339, 0.19853007330794326, -0.36882206396783485, -0.4468659639940437, -0.3716414371814779, 0.10896965152508802, -0.38001321348436745, -0.3238989852217879, -0.1231203226781714, -0.09114431985938458, 0.6187230881396438, 0.2619328482244587, -0.1761992342399265, 0.22258944870880829, 0.45734867530271484, -0.2080641960672926, 0.2959334760920371, -0.05501331198752388, -0.1356570097612299, -0.07384633517175833, 0.5993008823345668, 0.2043375494602096, 0.5551626467577206, -0.3470292193861084, -0.18614256484252112, 0.4070889496473897, 0.5943270614099171, 0.1596846066210922, 0.3269455269232907, 0.32660500841272644, -0.12650406039047898, 0.1281419704663925, -0.1890439872356712, -0.03195888636202857, 0.3299543666819991, 0.03758513596314567, -0.11417374683830511, -0.054440757980940724], [-0.3698527977428166, -0.5272979779163107, 0.11142524548232055, 0.6968297538348719, -0.18228559864992616, 0.3330609601821124, -0.489787339729185, -0.12049663930011108, 0.04572482598295326, -0.14245743864586738, -0.20846786876798554, -0.42784729422995893, 0.0061713211908957415, 0.04858112573408832, 0.004224793338360361, -0.14806136095995595, -0.40789193613491714, -0.2636866442652641, -0.47805890849259564, -0.32063316270289266, -0.2518503148811825, -0.16662902056456128, -0.07815157910953702, 0.4918113104686572, -0.14292479886924886, 0.5066636080797624, -0.35058002056484966, -0.045590832068414536, -0.6584003310016725, -0.38331968805102434, -0.404966466342896, 0.19118453025429946, -0.49802107772296944, -0.7273705834176161, -0.10414726848088397, -0.028627980797418573, 0.2619328482244587, 0.8620050318852035, -0.6302949029321504, -0.02028503744303686, 0.6425365316063031, -0.017703305465566418, 0.3706892166031721, -0.07481909247805081, 0.21194813087905956, -0.1497504706184285, 0.6709509786706848, -0.16902592661782465, 0.45365899163877726, 0.0441877075024681, -0.10492256970939676, 0.2302280160852036, 0.6683072370646854, 0.49620775158460234, 0.2157852459315844, 0.6093748726247354, -0.2099943197434073, 0.0077556321275399345, -0.5791279093911461, -0.046425933495735365, 0.9480892991795798, -0.4061168848108142, -0.036746889819240944, -0.677928757652499], [0.4076884331702516, 0.07155674653768986, 0.15806900729593976, -0.9552425496556064, 0.5539637686592211, -1.1154473601005492, 0.5085613555224268, 0.030068374580512456, -0.27647191545242306, 0.4464549363011327, 0.03855111948165065, -0.2519882988659312, 0.15177592703615295, -0.5441182808069346, 0.011663577810343231, 0.0475104044452857, 0.2447706588791629, 0.05010488152964041, 0.7749132187093813, 0.5261126913670399, 0.6992773945469167, 0.38888903809925424, 0.10078303515635373, -0.2972280044741843, 1.0024359883687763, -0.9213451612052104, 0.8115013002906133, -0.4298908254928526, 0.723080461610877, 0.26750081232701395, 0.26430882040706893, -0.11246876987055655, 0.15389260447780873, 1.2020530053808172, 0.502251727530622, 0.016523490791202616, -0.1761992342399265, -0.6302949029321504, 1.4171674015866336, 0.4034696451256439, -1.8326432778514932, 0.060432724531192854, -0.7480976498964357, -0.3804077767806057, -0.42904563554544023, -0.1954707772966177, -0.8639497720750982, 0.17904165193752403, -0.6969953464160997, -0.5978719542926353, 0.21304385815615906, -1.0966114505214972, -1.1344769796547398, -0.8711198189401271, -0.615056971555131, -0.8043309560721333, -0.2241242320006764, 0.3078260174014746, 0.8553731516150709, -0.6249292059573791, -0.9710679838656948, 0.2773973894882111, 0.6153496447810684, 0.8635209051364965], [0.10925470096102788, -0.10954638239540138, 0.3296748881493286, -0.2647071623036914, 0.20549652234280164, -0.5102149745666806, -0.3138451402637657, 0.20290948420078098, -0.10067535938882229, 0.13896033617272585, -0.23439838914281383, -0.36918036408935545, -0.1258154150516383, -0.5983612269122882, -0.05083220274516984, -0.04571659949579946, -0.11636959375485253, -0.18293450492238497, 0.32826411082832085, 0.061573452635105226, 0.4656255734773935, 0.09128382312440822, -0.08603526463993172, 0.0745068178891949, 0.534825520075454, -0.1952225289371167, 0.1069834212046451, -0.2606274210850031, 0.020841990971928112, -0.08108237871562146, -0.37397982122028145, 0.08304697316633394, -0.48734470722689416, 0.558465219622372, 0.187018318921454, -0.13008616367155346, 0.22258944870880829, -0.02028503744303686, 0.4034696451256439, 0.6368639308940586, -0.6410566581462475, -0.21790965878172255, -0.23630425154836224, -0.24839782920937523, -0.37701762761635355, -0.056572193548576344, -0.017340573977343822, 0.047039310790377965, -0.07575197791694653, -0.5773713976157263, 0.1665391012392287, -0.35023735497003616, -0.2811453551083782, -0.3586151318130175, -0.044002920015459725, -0.06444263040277211, -0.3230655725803423, 0.4221974606417951, 0.24436920452262229, -0.36264532237264363, -0.14169199514068012, 0.18344208034701456, 0.10911294262816634, 0.37212312458283914], [-0.5846490676263046, 0.2378356496962747, -0.5176744738218345, 1.3116698136257858, -0.836924125385364, 1.594360560108747, -0.6082964483570121, 0.05227204691712046, 0.6313891620834083, -0.7589775785226193, 0.1063119515244579, 0.7828986563867608, -0.07153969288113815, 0.8494999648604658, -0.22065930255203908, -0.12714847839792218, -0.16852240156458584, -0.012858140353975263, -1.1256913675719558, -0.7528090690896878, -1.130348326385781, -0.59168424133884, -0.12420862134271111, 0.21323602485673523, -1.5272404869747105, 1.3925496524136665, -1.4607227110331304, 0.8097288304373387, -0.948376504961295, -0.4002437947785889, -0.33490364933223254, 0.11176407271256199, -0.015293832488038386, -1.8039980901523693, -0.9652334350983834, 0.03363292539330999, 0.45734867530271484, 0.6425365316063031, -1.8326432778514932, -0.6410566581462475, 2.957525882612302, -0.21763400915867287, 1.1277079980853293, 0.6990154304037176, 0.5406674524135274, 0.4056887921419061, 1.2235304259104964, 0.03269017953827985, 1.1492253874648348, 0.8049598214432753, -0.5289379691295717, 1.9423616988788146, 1.7434026114736711, 1.1906048337597628, 1.1153265445562672, 0.9966853303437387, 0.49940700862625476, -0.5131923756324668, -1.113647540926972, 1.0594293858755213, 1.1392363465538518, -0.11608912340870961, -1.099097751946365, -1.0025378200594373], [-0.12411063086835739, -0.2495068759895622, -0.1411666797537216, 0.14396625154075884, 0.11294906856118936, -0.103130901094194, 0.35269936042553185, -0.21092108061070078, -0.11837677436863761, 0.15638042659312829, 0.12980151817808627, 0.031785567979712465, 0.3084013476312362, 0.14924757925042867, 0.17821306949264548, -0.011376755283296623, -0.003259982108359769, 0.08390030942440278, -0.16269564887339044, 0.14294146844017674, -0.042112500698818466, 0.23172214503483188, 0.08575246974290794, 0.10675758269153687, 0.16965409687674937, -0.09218494556372597, 0.23021410711733772, -0.09011345245176099, 0.019171975568282724, 0.047294285536998944, 0.2631168250553356, -0.10035374573870337, 0.2835920565706946, -0.14402502250264357, 0.01838834221023977, 0.08702473531256859, -0.2080641960672926, -0.017703305465566418, 0.060432724531192854, -0.21790965878172255, -0.21763400915867287, 0.4657662756812995, -0.057169146316545356, -0.026494699003244748, 0.10226793707110264, -0.20158423574815987, -0.14934565232526023, -0.047042927375925254, -0.19381989163759542, 0.013639745746555274, -0.021647060799029706, -0.2564725833373038, -0.07243256070314222, 0.08111051640627681, -0.31267718355014135, -0.1485819312550245, 0.09671823471093817, -0.26612965459519317, 0.12421806414740102, -0.2006344304000898, 0.0032639488066094234, -0.21322322936682006, 0.2811135729926996, -0.19593055517632316], [-0.022178043706141373, -0.15022009227209346, -0.28895578391261884, 0.7351404644846757, -0.27422060693929406, 0.6502933859599017, -0.3644053159400388, -0.22259028970969222, 0.45803773574361734, -0.2345298721112157, 0.21853820523828676, 0.12383512230642679, -0.10098022045316686, 0.1737640394608661, 0.15674679490320018, 0.06180982414400858, -0.07443976012717467, 0.17808763159703736, -0.39916488444243514, -0.35149198217789784, -0.3021799597857884, -0.3722685668890184, -0.4081474915091908, -0.015256968376506976, -0.4884833000041776, 0.3039479952961261, -0.7944252031214848, 0.28327201879367003, -0.4081260644151966, -0.5136760411135697, -0.14047738999332293, 0.0739207450624756, -0.2079384048675623, -0.9358334676153837, -0.2647950579317948, -0.08031933673239466, 0.2959334760920371, 0.3706892166031721, -0.7480976498964357, -0.23630425154836224, 1.1277079980853293, -0.057169146316545356, 0.9668659279718526, 0.044578294721448274, 0.026160692554957395, 0.22717337584027633, 0.9306903574310288, 0.24927272476725565, 0.6976504877767581, 0.27689451887974265, -0.1376669052265414, 0.8174049071543236, 0.7283578361296196, 0.6525056082591502, 0.17312696293554844, 0.7121111870803434, 0.06488449629878142, -0.15047238526308757, -0.7278488735677086, 0.3988437016783213, 1.0139101415648122, -0.21815500118409598, -0.4643775322945978, -0.7799117428662916], [-0.134564375960302, 0.3695475031175988, -0.14148171907096285, 0.06806464083004052, -0.2669079930417837, 0.4258440348490514, 0.09731240031201309, 0.05763424408829685, 0.1116804760018919, -0.08343998245186066, 0.040512169281322195, 0.4545519661353467, 0.01475072316511741, 0.41637177110658813, -0.0846743702523152, -0.024156422903571746, 0.02713599564069715, 0.07220094662146463, -0.12330816978069344, -0.2117528966158666, -0.3396079822319185, -0.06424422763728967, 0.1641910859691008, -0.0005468912827197611, -0.5183410360581803, 0.36429242361031966, -0.12005747219076636, 0.16591688774079852, -0.05810568990159846, 0.24614502764443588, 0.06113039819278345, -0.00194986705519423, 0.21414155679329983, -0.2136611764472399, -0.327281333758206, 0.08366154184983639, -0.05501331198752388, -0.07481909247805081, -0.3804077767806057, -0.24839782920937523, 0.6990154304037176, -0.026494699003244748, 0.044578294721448274, 0.4822586299559532, 0.23503829856228098, 0.1926735749508392, -0.13822388961598983, -0.0824904843857483, 0.06675323623620652, 0.4222787236437347, -0.07444444210066453, 0.5094765534158116, 0.27506247045036175, 0.10306462842478703, 0.2949482030787385, -0.015389612585931496, 0.34064254042454944, -0.1870445945905395, -0.048522035986617286, 0.396213936879782, -0.13187170276801202, 0.16532446843562287, -0.35834809201939133, -0.04437553978051852], [-0.24007136135229315, -0.02366265066978549, -0.09741131882498572, 0.23379208398635212, -0.2796718812560343, 0.4593405803918438, 0.16457363804406147, -0.15320989616386285, -0.05593514234095138, -0.15165727643523297, 0.015874358170886067, 0.1076343925975933, 0.11588589895078498, 0.438582897977394, -0.006556053430627367, -0.10519359185712066, 0.013583243432032932, -0.06214217322146172, -0.3416936668377343, -0.13018256778026158, -0.4280979238338105, -0.13590169407689826, 0.2397125778173914, 0.11391912566754332, -0.5037051944687208, 0.33062516480715476, -0.0871058837048787, 0.19709855281805685, -0.10833083546154464, 0.10383809895918512, 0.16676283410533174, -0.01039351194247826, 0.2748083104191509, -0.37188671090532166, -0.2653311972934515, 0.12982681178692154, -0.1356570097612299, 0.21194813087905956, -0.42904563554544023, -0.37701762761635355, 0.5406674524135274, 0.10226793707110264, 0.026160692554957395, 0.23503829856228098, 0.4940378901131198, 0.0026630032149580645, -0.008697491028954474, -0.16939455784509058, 0.06892480001548705, 0.4144026332741208, -0.2057162966504439, 0.2508049233349714, 0.38235432097889116, 0.26172218722637286, 0.1829022319100528, 0.03751286346448763, 0.19793383090619374, -0.2311194742095819, -0.2260647307949241, 0.19894128933647817, 0.18782137743956911, -0.1493457388767703, -0.06308170582086209, -0.28869984614878275], [0.15427830496738051, 0.272984144858846, -0.06140101484849504, -0.07787543441811523, -0.2476654174066347, 0.2890364757192078, -0.0912829003027697, -0.033048522581491345, 0.1072270309938919, -0.03881369530771366, 0.01651926062136478, 0.1297711575594632, -0.16087161494408778, 0.03871464517780227, 0.044375213323221536, 0.027212451180535824, 0.08724733545562541, 0.08952563055771362, 0.12143015944552786, -0.18985916078362908, -0.15575760046338463, -0.2240082485852323, -0.10218133837787464, -0.15159469443433798, -0.3642570539758505, 0.032540783870345535, -0.20733525809123507, 0.09297549181538639, 0.08801201697701645, 0.09191906217514864, -0.010478794812643542, 0.033727057305126665, 0.08330941239545338, -0.043321043915246875, -0.15679041243606406, -0.06797864567580321, -0.07384633517175833, -0.1497504706184285, -0.1954707772966177, -0.056572193548576344, 0.4056887921419061, -0.20158423574815987, 0.22717337584027633, 0.1926735749508392, 0.0026630032149580645, 0.4210469177497342, 0.09211129237274343, 0.08536849022840184, 0.150182782511756, 0.2659763358789209, 0.03289045632800873, 0.38578112581036006, 0.060699664564293744, 0.07120986119675396, 0.10009343458564998, 0.13489189854396222, 0.14403973709586912, 0.03364241098006593, -0.17616478334083802, 0.34691762437065676, 0.04107165729635139, 0.19049492354037145, -0.3938903528353879, -0.054177725634929286], [-0.3025419269226462, -0.4594963185429212, -0.04567584069068369, 1.0780297942357575, -0.3950044335017103, 0.6010433465718952, -0.8832252399779915, -0.12515970717068634, 0.40244038761555007, -0.5930109271401494, 0.04435956314969267, -0.22370012438545256, -0.10389906950176604, -0.16829761256884074, -0.018727125104696807, -0.06423161297167496, -0.310813598632939, -0.04062030041376562, -0.684857299045787, -0.3756219872656782, -0.19369363821208116, -0.3519502007725061, -0.5545462077206829, 0.2424977762279463, -0.43658998294501095, 0.38748348831058776, -1.048361993744285, 0.35735683284371794, -0.7594727070608311, -0.8341795719463947, -0.5126904645308742, 0.24431337190194694, -0.4457336922390699, -1.1286846468927276, -0.18943234406830123, -0.22816384789230892, 0.5993008823345668, 0.6709509786706848, -0.8639497720750982, -0.017340573977343822, 1.2235304259104964, -0.14934565232526023, 0.9306903574310288, -0.13822388961598983, -0.008697491028954474, 0.09211129237274343, 1.4811414060252146, 0.20437511338363928, 1.0528510520001921, -0.14755655660766862, -0.2579744330954744, 0.8287892262844037, 1.202088558416011, 0.8814757275259781, 0.3394767293605512, 1.0314170828497116, -0.1398587609385172, -0.005625886182487813, -0.8636138461852639, 0.14416118181350107, 1.2463361848103798, -0.4103746628918989, -0.35033643228863, -0.8237483794956388], [0.13034969236673405, 0.07760059427346623, -0.19558576506363523, 0.029282074406462757, 0.03434225015042201, -0.08250181500768318, 0.015684978848752022, -0.05024746024906601, 0.24933404988418434, -0.03682244384233394, 0.2223031249439951, 0.14315331945380758, 0.0630333272364644, -0.12302944669863965, -0.0003338547677155192, 0.016846679451444708, 0.15602814077916105, 0.1435909889929202, 0.04439484802038853, 0.023409332990206044, 0.0731511951340753, -0.07314289900062144, -0.17496605556504058, -0.21109590115303412, 0.07175936896164714, -0.1530101642342637, -0.2690048852567016, 0.12007044526850892, 0.10219921276596423, -0.22323761265650752, 0.048150399378934734, -0.04246985956671627, 0.01594844878864131, -0.04643506965792278, -0.06789583624615127, -0.018037540981693464, 0.2043375494602096, -0.16902592661782465, 0.17904165193752403, 0.047039310790377965, 0.03269017953827985, -0.047042927375925254, 0.24927272476725565, -0.0824904843857483, -0.16939455784509058, 0.08536849022840184, 0.20437511338363928, 0.3554582923708398, 0.18397550455014072, -0.17167196282302977, -0.1118011923998196, 0.1719509519588062, 0.05085088275678901, 0.003822048221411261, -0.019057452523876715, 0.009580187587969712, 0.004204002617861166, 0.008127724137107092, 0.0047705952098631675, 0.00918501328740226, 0.0881920476281753, 0.10351794040911506, -0.076950547696014, 0.031357351431469414], [-0.3563729590492073, -0.26510753121215286, -0.0921286313776382, 0.8803873537359944, -0.33841483459509186, 0.5910350572508143, -0.5982900388372148, -0.04889975772085543, 0.4353480784834843, -0.5403673894885517, -0.0033683067653835, 0.041927557622844586, -0.042226816913672895, 0.0008512557498695999, -0.013693393790040202, -0.04210289996020438, -0.307908534537883, 0.00650414754541388, -0.6781907152280255, -0.33743967712852285, -0.19122864734516581, -0.33013784440777594, -0.32630184458610484, 0.1315061879040339, -0.4971711837272607, 0.41093119408043927, -0.958723414436791, 0.33538231745194536, -0.5701190615528112, -0.6254929068683711, -0.3778356264080247, 0.15580763674090928, -0.21188838316601347, -0.8452074516958582, -0.28521043968970206, -0.1392650965384584, 0.5551626467577206, 0.45365899163877726, -0.6969953464160997, -0.07575197791694653, 1.1492253874648348, -0.19381989163759542, 0.6976504877767581, 0.06675323623620652, 0.06892480001548705, 0.150182782511756, 1.0528510520001921, 0.18397550455014072, 0.9861442022376729, 0.008559100862850798, -0.2790410513716274, 0.8054487133462833, 1.0947687394216161, 0.5858374470971175, 0.3531625794371955, 0.7131120424017825, -0.027003408199869308, 0.001468143342770146, -0.6752468713414778, 0.20955497518169258, 0.7810650931627215, -0.10274025172502067, -0.34062257454129785, -0.6166571685569358], [0.012704822836871054, 0.30501826235233825, -0.23506384992007998, 0.06122975844356174, -0.30676723361222114, 0.7118553221500447, 0.2590845862068787, -0.15760583047842944, 0.09517654244713009, -0.009169774458962764, 0.10958135148413418, 0.35861133305417203, -0.10687212377516403, 0.7177301058107967, 0.08576848633238623, 0.08189391376723815, 0.10035298576903048, 0.1373289847341886, -0.1202579831129312, -0.24894595637512046, -0.5410435801762553, -0.26101811764199934, 0.14988404859419555, -0.1033829791028589, -0.7039946165184772, 0.3179572490140069, -0.03850463729994999, 0.15735684786503973, 0.020998738413034086, 0.26747545488728347, 0.28625832289466085, -0.03425660046863185, 0.3373878184908491, -0.4026905421157546, -0.2541462137584438, 0.11249976475986384, -0.3470292193861084, 0.0441877075024681, -0.5978719542926353, -0.5773713976157263, 0.8049598214432753, 0.013639745746555274, 0.27689451887974265, 0.4222787236437347, 0.4144026332741208, 0.2659763358789209, -0.14755655660766862, -0.17167196282302977, 0.008559100862850798, 0.9258112992607138, 0.04041724642827428, 0.4803994758943285, 0.14712195465325398, 0.22221677345735225, 0.1453438773076932, 0.09738899092961607, 0.3599787553005383, -0.28395479831370274, -0.35640384350459114, 0.642405371462712, 0.14379219378000982, -0.04951401871896129, -0.4042168301909099, -0.40287857515467046], [0.21752939263885077, 0.04996688098421677, 0.19929802301752925, -0.3576800167575742, 0.16398187554666407, -0.2321412625873129, -0.021710523261367968, 0.09573448399795383, -0.1345606430831063, 0.22825330537003943, -0.10793499351531663, -0.1783958379666653, -0.2031276144560005, -0.08160653059697973, 0.06235757438872043, 0.13194992210266493, -0.03994791838899804, 0.016398446166055746, 0.37046320150545337, 0.03340515375201318, 0.2909714522848687, 0.09881711706454269, -0.07237416868637614, -0.03074306210019919, 0.30160202227250266, -0.2798196558999381, 0.4061746351742783, -0.29035822122123567, 0.15020570319531965, 0.16448689939521802, -0.04151486316037972, 0.06277469714455601, -0.17769095569510926, 0.4327066441368465, 0.28808767917098094, -0.12329453163190231, -0.18614256484252112, -0.10492256970939676, 0.21304385815615906, 0.1665391012392287, -0.5289379691295717, -0.021647060799029706, -0.1376669052265414, -0.07444444210066453, -0.2057162966504439, 0.03289045632800873, -0.2579744330954744, -0.1118011923998196, -0.2790410513716274, 0.04041724642827428, 0.4421297551950476, -0.33111571070914214, -0.49512189209494084, -0.31367346880556535, -0.25378372446063746, -0.10350447719353326, -0.08091896085715682, 0.20940781480043782, 0.1721938979259159, 0.001986575617246481, -0.22091668233728556, -0.023507900492492028, 0.029323595181910966, 0.15020187585590236], [-0.24036371269960072, 0.3848422432612204, -0.35524412194084437, 0.7412468776613197, -0.5812867816322528, 1.057116213246756, -0.42736713801520376, 0.08820626731063656, 0.5364063676183248, -0.5794700111055647, 0.19255265736354213, 0.6427241961023518, -0.12581187149270187, 0.49230499384145443, -0.20626817526295987, -0.03227135671564892, 0.027096807596445657, 0.09551768986208486, -0.5915102857812727, -0.5065117605008868, -0.6255487879878059, -0.4376130246762108, -0.18025389790461194, -0.04878516252983764, -1.0821832551977597, 0.801671038871788, -1.0609263838544731, 0.6370727595413086, -0.506492483451801, -0.2560069857771425, -0.1897664403548421, 0.11421738868132479, -0.009754634870238806, -1.068230665566735, -0.6544350836073796, -0.03703013237959786, 0.4070889496473897, 0.2302280160852036, -1.0966114505214972, -0.35023735497003616, 1.9423616988788146, -0.2564725833373038, 0.8174049071543236, 0.5094765534158116, 0.2508049233349714, 0.38578112581036006, 0.8287892262844037, 0.1719509519588062, 0.8054487133462833, 0.4803994758943285, -0.33111571070914214, 1.4674350586219247, 1.1452753112601457, 0.6954871165048717, 0.7998754883952579, 0.6151782712135199, 0.4012493266450143, -0.2714305320490676, -0.6616123488676166, 0.8192590072158941, 0.6402051525712065, 0.05781014287175843, -0.8760558308432487, -0.49124773682292394], [-0.6725011274004244, -0.27265243223949065, -0.16300789886679146, 1.2093108062264935, -0.5732661735382505, 0.9369616853609993, -0.662911132776592, -0.06127604355028698, 0.41720504255137414, -0.7713431595904218, 0.03750633916155532, 0.18087414422931916, 0.09688992596339892, 0.25355456570632057, -0.14497535983026752, -0.17058411189587458, -0.34401018030202385, -0.08047785045844126, -1.053318011544121, -0.44948648996168317, -0.5007781738133835, -0.3254599181394638, -0.18156873446001745, 0.3274822711728543, -0.894586296061045, 0.817884438312365, -1.1290797536923791, 0.5563635714463909, -0.8545240772633229, -0.5887642454402133, -0.37180460067863264, 0.20032594161294376, -0.09383508276553139, -1.3133834298329252, -0.5431759274797393, -0.05235133429861985, 0.5943270614099171, 0.6683072370646854, -1.1344769796547398, -0.2811453551083782, 1.7434026114736711, -0.07243256070314222, 0.7283578361296196, 0.27506247045036175, 0.38235432097889116, 0.060699664564293744, 1.202088558416011, 0.05085088275678901, 1.0947687394216161, 0.14712195465325398, -0.49512189209494084, 1.1452753112601457, 1.608718254469943, 0.9166738774352767, 0.6680779805873676, 0.8291462256824728, 0.14878298072924873, -0.25099747482169704, -0.8121921846397967, 0.33370446835657835, 0.9612385730932376, -0.2476579057738162, -0.423295401611595, -0.7908432657023737], [-0.2936778810773187, -0.2568848125034475, -0.21743122278431662, 0.8467958927853891, -0.41147057380435914, 0.6765943503315461, -0.42067870169528643, -0.22119808682043252, 0.20588262988666506, -0.347941694807502, 0.11001399276166783, 0.033755016200411124, 0.055301001875238634, 0.21344181757470526, 0.03199253490259032, -0.07956558542077007, -0.14759270702585808, 0.020285069942683105, -0.6115090917040318, -0.28458093382783767, -0.5053483542567099, -0.22296274165744, -0.21695823940764994, 0.23587675918679535, -0.5997346176479649, 0.4719221623931203, -0.6467957124541783, 0.34797163910968404, -0.5517415678549448, -0.3874901416298757, -0.13142964595703255, 0.06612001284254124, -0.026627496040157874, -1.116744983211808, -0.27884640367199165, 0.015829989696849497, 0.1596846066210922, 0.49620775158460234, -0.8711198189401271, -0.3586151318130175, 1.1906048337597628, 0.08111051640627681, 0.6525056082591502, 0.10306462842478703, 0.26172218722637286, 0.07120986119675396, 0.8814757275259781, 0.003822048221411261, 0.5858374470971175, 0.22221677345735225, -0.31367346880556535, 0.6954871165048717, 0.9166738774352767, 0.9023720811905196, 0.2765823622903269, 0.7080260487300677, 0.10847351251952535, -0.3454853519405535, -0.6740242272692561, 0.23205307671380848, 0.926171130417105, -0.38255089960746463, -0.2665368694204833, -0.7514547890001857], [-0.2400473480566894, 0.35957132016261917, -0.056121870289000245, 0.27166137460682643, -0.32603661783284155, 0.5237987245526364, -0.3890432488663418, 0.28962650256659467, 0.21290530126479218, -0.4419336742675548, -0.021300396999080148, 0.33272543240263397, -0.14263236293637732, 0.21763187375745197, -0.4100175454896347, -0.12055196885369433, 0.0008997206802833889, -0.17327671841715, -0.3270988755409742, -0.2714639976621917, -0.3724417669999138, -0.2087767556038326, 0.06359124497047967, 0.07547447675531471, -0.6206250384640494, 0.6908533340742239, -0.5314123121532381, 0.3930172903648227, -0.3894183284758046, -0.033331172751105594, -0.26501439872867727, 0.12584831954598627, -0.16110256234063158, -0.47451050133916334, -0.3880654488893313, 0.018175992852628393, 0.3269455269232907, 0.2157852459315844, -0.615056971555131, -0.044002920015459725, 1.1153265445562672, -0.31267718355014135, 0.17312696293554844, 0.2949482030787385, 0.1829022319100528, 0.10009343458564998, 0.3394767293605512, -0.019057452523876715, 0.3531625794371955, 0.1453438773076932, -0.25378372446063746, 0.7998754883952579, 0.6680779805873676, 0.2765823622903269, 0.8103217915399261, 0.2688049372986039, 0.14878399546381704, -0.08660091612820697, -0.25559747655637566, 0.4536017124525796, 0.16457743381099899, 0.10478700858617793, -0.47889164551752006, 0.023894877819191855], [-0.19816818858682264, -0.3005034727310444, 0.01622512393194401, 0.7662529675668963, -0.3610737486650623, 0.5503845979108993, -0.7220853445039105, -0.10921025636022788, 0.2729628323686278, -0.3465654220382609, -0.02991840032201044, -0.22516402505281263, -0.1808642399975239, -0.0532311646052321, 0.02097638635048042, -0.02117267847444724, -0.3078967890905695, -0.03151579703409523, -0.415400853535407, -0.3921209731612272, -0.23925021854836553, -0.281181377568, -0.39201734775634905, 0.26640465474645614, -0.4278297135262084, 0.3942011520247939, -0.6518621196248303, 0.16928012320264532, -0.6225173691235942, -0.4950072436865068, -0.43040192734969307, 0.22532330013304147, -0.4193411170589219, -0.9012221137865689, -0.10300723053338734, -0.15124801878851207, 0.32660500841272644, 0.6093748726247354, -0.8043309560721333, -0.06444263040277211, 0.9966853303437387, -0.1485819312550245, 0.7121111870803434, -0.015389612585931496, 0.03751286346448763, 0.13489189854396222, 1.0314170828497116, 0.009580187587969712, 0.7131120424017825, 0.09738899092961607, -0.10350447719353326, 0.6151782712135199, 0.8291462256824728, 0.7080260487300677, 0.2688049372986039, 0.8951375272485287, -0.10989458146039635, -0.018535647177160552, -0.7441404116825439, 0.21097732038076472, 1.014592275550495, -0.3354037438293713, -0.3332259280250861, -0.7116504599902516], [-0.041071319139891614, 0.33360121672449167, -0.2367580497793812, 0.021307572681234486, -0.18419492589990144, 0.3400826666808224, 0.24513194601066718, -0.012449849881547763, 0.0813628224155967, -0.09244902639118703, 0.1805057225666873, 0.46221046429385104, 0.07845547514117639, 0.398727678718162, -0.04836247515859345, 0.010827099244158866, 0.1737696297194618, 0.142681340738989, -0.09647522212465373, -0.06404011187567756, -0.2819389977323764, -0.020414305721972385, 0.10985905768066545, -0.13069089867771552, -0.4231233976010968, 0.15457335328160152, -0.07992390854574107, 0.22108779572292908, 0.07519710721765831, 0.21276096662221847, 0.2391111309164199, -0.06255583641794477, 0.37523845582223553, -0.20657544736021113, -0.2552012183162236, 0.06830662804713188, -0.12650406039047898, -0.2099943197434073, -0.2241242320006764, -0.3230655725803423, 0.49940700862625476, 0.09671823471093817, 0.06488449629878142, 0.34064254042454944, 0.19793383090619374, 0.14403973709586912, -0.1398587609385172, 0.004204002617861166, -0.027003408199869308, 0.3599787553005383, -0.08091896085715682, 0.4012493266450143, 0.14878298072924873, 0.10847351251952535, 0.14878399546381704, -0.10989458146039635, 0.36717585061941804, -0.25566255594064735, 0.020932885991678217, 0.3469652671546544, -0.17919784134869962, 0.07410136541834247, -0.25486945233906927, -0.007741736810093808], [0.1491067509202704, -0.06289895733293425, 0.31362886670907736, -0.25307757053433383, 0.10472941823042063, -0.2957612575995265, -0.22012697846060972, 0.12652742447102588, -0.06685272333896647, 0.050389784592873126, -0.2202150811761502, -0.36715764938435985, -0.19918133398461627, -0.3711992022126351, -0.012334093554226667, 0.017601713863052006, -0.08763169423524278, -0.12195067621132692, 0.31061350044721825, -0.008002127269436294, 0.36338124444753034, -0.05279397395197061, -0.09252605332101746, -0.01803101283000585, 0.32419893531108, -0.23430858468503216, 0.09120907721770989, -0.21780602553975054, 0.09319209542556361, -0.06126972034071789, -0.2694787012270966, 0.11336378434567836, -0.36160667003564473, 0.5100891219409913, 0.20527207759660032, -0.17721777971444436, 0.1281419704663925, 0.0077556321275399345, 0.3078260174014746, 0.4221974606417951, -0.5131923756324668, -0.26612965459519317, -0.15047238526308757, -0.1870445945905395, -0.2311194742095819, 0.03364241098006593, -0.005625886182487813, 0.008127724137107092, 0.001468143342770146, -0.28395479831370274, 0.20940781480043782, -0.2714305320490676, -0.25099747482169704, -0.3454853519405535, -0.08660091612820697, -0.018535647177160552, -0.25566255594064735, 0.44820796785603306, 0.09333303011071667, -0.17653310267904032, -0.09772889892569195, 0.10200974851660842, 0.03046913525550601, 0.23032445926350942], [0.18791638365340677, 0.28834122339072077, 0.09675900575929813, -0.7335638517770489, 0.38699308974335433, -0.7152079200277011, 0.45390705415849625, 0.22510807097341598, -0.24724627937570778, 0.30387292996853643, 0.017170976322905793, 0.14111377947726278, 0.12100128615069222, -0.18453044105397026, -0.10791786144276562, 0.03093203987322413, 0.21509862300334653, 0.033569495798412265, 0.5032340848666115, 0.3919904144480504, 0.4179565957829629, 0.4184462090739396, 0.2395251617058866, -0.17597402128014125, 0.5769647755930232, -0.45093624611733235, 0.6854925254285373, -0.2167262255753009, 0.5079453213569115, 0.4165892941603322, 0.23793866435972377, -0.1385061306593548, 0.20653139424390735, 0.9054412968553764, 0.2419913739054684, 0.06839931502550527, -0.1890439872356712, -0.5791279093911461, 0.8553731516150709, 0.24436920452262229, -1.113647540926972, 0.12421806414740102, -0.7278488735677086, -0.048522035986617286, -0.2260647307949241, -0.17616478334083802, -0.8636138461852639, 0.0047705952098631675, -0.6752468713414778, -0.35640384350459114, 0.1721938979259159, -0.6616123488676166, -0.8121921846397967, -0.6740242272692561, -0.25559747655637566, -0.7441404116825439, 0.020932885991678217, 0.09333303011071667, 0.8222146635259939, -0.3283692481372563, -0.9987420912460886, 0.2863518701794127, 0.3692746813095201, 0.8179368164373094], [0.05841325559801476, 0.5209685734242999, -0.22460112272013397, 0.08611812688563061, -0.3493243058915698, 0.7053138283625534, -0.0634521636639466, 0.09512770986898561, 0.2598487790682963, -0.2592362877346176, 0.15996277796091765, 0.48536317577527244, -0.23817154006145672, 0.5167992826971092, -0.1480147791831243, 0.08284798407940759, 0.1692872097403453, 0.1240820776595982, -0.1055666576991804, -0.29634128911727864, -0.42418829589872403, -0.3037169690285913, -0.03416078561719579, -0.1941298469828057, -0.7717661397484263, 0.4011947543655412, -0.35394789929545467, 0.3466337924914184, -0.08235016631551817, 0.13952317330393024, 0.07625528931620866, 0.06266550029907275, 0.13514175223200248, -0.4259605665345941, -0.3076132580166107, -0.019644058173494842, -0.03195888636202857, -0.046425933495735365, -0.6249292059573791, -0.36264532237264363, 1.0594293858755213, -0.2006344304000898, 0.3988437016783213, 0.396213936879782, 0.19894128933647817, 0.34691762437065676, 0.14416118181350107, 0.00918501328740226, 0.20955497518169258, 0.642405371462712, 0.001986575617246481, 0.8192590072158941, 0.33370446835657835, 0.23205307671380848, 0.4536017124525796, 0.21097732038076472, 0.3469652671546544, -0.17653310267904032, -0.3283692481372563, 0.7652837471262088, 0.11544055114054202, 0.07286352063916325, -0.6227029753274697, -0.16000612193094976], [-0.20544024708318612, -0.6388720427066259, -0.09136271477138337, 1.0511839861640366, -0.36659802212502723, 0.638997069250772, -0.6186448940464438, -0.41623587798195816, 0.2724384603934438, -0.1766838489959925, 0.020599743415541442, -0.4229076267899558, -0.025113424379825798, 0.0359665583786441, 0.21168988554268645, -0.10881778166858788, -0.2959414121860139, -0.08097127484945942, -0.5736552282540087, -0.5010238349186573, -0.43180752940979555, -0.41950332128274936, -0.3998225890852122, 0.3929971571512372, -0.3768124867085603, 0.5042395396649757, -0.7905374138599484, 0.12408204048150401, -0.7466738027524086, -0.7033295969651677, -0.38484192007005713, 0.19751480026096407, -0.5503590621028279, -1.2173575152234557, -0.249511886979583, -0.06543395994832986, 0.3299543666819991, 0.9480892991795798, -0.9710679838656948, -0.14169199514068012, 1.1392363465538518, 0.0032639488066094234, 1.0139101415648122, -0.13187170276801202, 0.18782137743956911, 0.04107165729635139, 1.2463361848103798, 0.0881920476281753, 0.7810650931627215, 0.14379219378000982, -0.22091668233728556, 0.6402051525712065, 0.9612385730932376, 0.926171130417105, 0.16457743381099899, 1.014592275550495, -0.17919784134869962, -0.09772889892569195, -0.9987420912460886, 0.11544055114054202, 1.6650859190742622, -0.5593996217032836, -0.2915396857633334, -1.1743678081524036], [0.11899000843354779, 0.3723157167399805, -0.027059100499957987, -0.3701317397551517, 0.0940786752096163, -0.1382295478122233, 0.15895589235210777, 0.1973082903398927, 0.07421961351302607, 0.10604878308563884, -0.05145973816661843, 0.3246845302663389, -0.04863741912790888, -0.09418890200975179, -0.034672774467518964, 0.023700840026895875, 0.10233223920633536, 0.050640714100751126, 0.22479246291637422, 0.05748601754957564, 0.10471791599353508, 0.0028456486672690014, 0.13944328471354508, -0.22329500847661513, 0.012509818035409114, -0.02035749848009171, -0.002389627763380916, 0.008319774215958226, 0.2733232810322304, 0.21836789293120126, 0.028484197900359276, -0.11867791963083385, 0.10543414622002739, 0.46415801304710885, -0.12128675808258076, 0.058830773593880246, 0.03758513596314567, -0.4061168848108142, 0.2773973894882111, 0.18344208034701456, -0.11608912340870961, -0.21322322936682006, -0.21815500118409598, 0.16532446843562287, -0.1493457388767703, 0.19049492354037145, -0.4103746628918989, 0.10351794040911506, -0.10274025172502067, -0.04951401871896129, -0.023507900492492028, 0.05781014287175843, -0.2476579057738162, -0.38255089960746463, 0.10478700858617793, -0.3354037438293713, 0.07410136541834247, 0.10200974851660842, 0.2863518701794127, 0.07286352063916325, -0.5593996217032836, 0.5487807309485743, -0.1306268805570192, 0.450067572627683], [-0.040208757408400075, -0.41005446888778, 0.1535948864362815, -0.18569345623511935, 0.37990516600753294, -0.620424529901785, 0.26612428872998417, -0.08711653054524758, -0.27860550169845866, 0.20773852484394392, -0.0525276324904755, -0.3291829942217911, 0.2139092228312886, -0.27180509602935804, 0.11961361450293789, 9.543023765856516e-05, -0.0855647545472745, -0.02991709683991316, 0.05846031572345598, 0.3758888463691022, 0.37646004968283353, 0.3379344086235729, 0.11198426415603886, 0.09854896607590141, 0.6223390068562387, -0.43390210521422906, 0.5201359891574561, -0.2602417317255463, 0.17963208213561738, 0.0010370323423119004, 0.164459633946062, -0.09645603435258321, 0.09320779797018414, 0.419429113327454, 0.3792805773497548, 0.08139154160413697, -0.11417374683830511, -0.036746889819240944, 0.6153496447810684, 0.10911294262816634, -1.099097751946365, 0.2811135729926996, -0.4643775322945978, -0.35834809201939133, -0.06308170582086209, -0.3938903528353879, -0.35033643228863, -0.076950547696014, -0.34062257454129785, -0.4042168301909099, 0.029323595181910966, -0.8760558308432487, -0.423295401611595, -0.2665368694204833, -0.47889164551752006, -0.3332259280250861, -0.25486945233906927, 0.03046913525550601, 0.3692746813095201, -0.6227029753274697, -0.2915396857633334, -0.1306268805570192, 0.7228864271034543, 0.2040037687513866], [0.28149639062773946, 0.5578743261140489, 0.16667931696110405, -0.9221495213695107, 0.29947174274438143, -0.6640382306391465, 0.23627253950586408, 0.44747297389659835, -0.1920237980992227, 0.10574918292318253, -0.008578601790975778, 0.18944486835988267, -0.09666720777637187, -0.296242159841772, -0.3215892208798791, 0.0383520994004012, 0.304919456052299, -0.01583002126095244, 0.6309850307536957, 0.36460030216501604, 0.45858305589023013, 0.29690990298209086, 0.20991289080680006, -0.3076456060232725, 0.40043870108667023, -0.4068913376047341, 0.5581985384113036, -0.05685032161370754, 0.5438084056867631, 0.46057293185102494, 0.11643478300421664, -0.07487304875026075, 0.11281344301015081, 1.0381353978171368, 0.2461554869454193, 0.008101757684627113, -0.054440757980940724, -0.677928757652499, 0.8635209051364965, 0.37212312458283914, -1.0025378200594373, -0.19593055517632316, -0.7799117428662916, -0.04437553978051852, -0.28869984614878275, -0.054177725634929286, -0.8237483794956388, 0.031357351431469414, -0.6166571685569358, -0.40287857515467046, 0.15020187585590236, -0.49124773682292394, -0.7908432657023737, -0.7514547890001857, 0.023894877819191855, -0.7116504599902516, -0.007741736810093808, 0.23032445926350942, 0.8179368164373094, -0.16000612193094976, -1.1743678081524036, 0.450067572627683, 0.2040037687513866, 1.125266773018157]]"
kl954,0,"[ 0.7958854  -2.5328736  -1.8067422  -0.51872903 -0.08348721 -0.8556501
  5.421637   -2.629106   -1.3641315   1.0237292   0.22262307 -1.6383512
  2.7340717   1.7293638   2.1144185  -1.1521543   1.4933245   0.5376918
  1.5021789  -0.38573477 -1.882203   -0.93771297  2.1018581  -0.20599902
 -0.41860327 -0.9246716   2.4128842  -1.1303235   3.2147896   2.204557
  2.8326838  -1.4581668   2.7889626   0.8479216  -0.22841157 -1.1228052
 -2.2307785  -0.44232595  2.6087399  -2.6667945  -3.740107    2.707391
 -1.2032113  -0.97634315  2.3935218  -0.40118372 -3.2778835  -0.45122722
 -3.0707295  -0.20777522 -2.1746151  -3.5776281  -3.1992874  -0.31839073
 -3.0238523  -2.35141     0.38940015 -0.54470533  0.9048845  -1.6429971
 -0.641634   -1.2703751   2.4781861  -0.40128   ]","[ 0.8560693  -2.2246816  -2.046819   -0.57452476  0.8294091  -0.9332213
  6.6522975  -2.3531175  -0.9003017   1.681063    0.15803975 -0.69048184
  2.9908147   2.5010016   2.6638823  -0.92772627  1.7299169   1.0417132
  1.982707    0.05262902 -1.6394162  -0.67392087  2.8108046  -0.81815076
  0.19794902 -1.405579    2.6069965  -1.0557101   4.411779    2.1111796
  3.5593014  -2.491216    3.078326    2.018018   -0.37070128 -0.79707026
 -2.1058018  -0.974316    3.1170225  -2.6581397  -4.526492    2.8591673
 -1.835254   -0.75725895  2.5501537  -0.62535083 -4.393909   -0.315617
 -3.5507436  -0.13083829 -2.1761556  -4.1142216  -4.094081   -1.2250497
 -3.563389   -3.3751128   0.70161843 -0.40539056  1.9022819  -2.128511
 -1.6460425  -0.66626394  2.7909763   0.15660077]",4.66512,"[0.7958853840827942, -2.5328736305236816, -1.8067421913146973, -0.518729031085968, -0.08348721265792847, -0.8556501269340515, 5.421637058258057, -2.629106044769287, -1.3641314506530762, 1.0237292051315308, 0.2226230651140213, -1.6383512020111084, 2.734071731567383, 1.7293637990951538, 2.1144185066223145, -1.1521543264389038, 1.4933245182037354, 0.5376917719841003, 1.5021789073944092, -0.38573479652404785, -1.8822029829025269, -0.9377129673957825, 2.101858139038086, -0.20599901676177979, -0.4186032712459564, -0.9246715903282166, 2.41288423538208, -1.1303235292434692, 3.214789628982544, 2.204556941986084, 2.832683801651001, -1.4581668376922607, 2.7889626026153564, 0.8479216694831848, -0.22841157019138336, -1.1228052377700806, -2.230778455734253, -0.4423259496688843, 2.6087398529052734, -2.666794538497925, -3.7401070594787598, 2.7073910236358643, -1.2032113075256348, -0.9763431549072266, 2.393521785736084, -0.40118372440338135, -3.277883529663086, -0.45122721791267395, -3.0707294940948486, -0.20777523517608643, -2.1746151447296143, -3.5776281356811523, -3.1992874145507812, -0.31839072704315186, -3.0238523483276367, -2.351409912109375, 0.3894001245498657, -0.5447052717208862, 0.9048845171928406, -1.642997145652771, -0.6416339874267578, -1.27037513256073, 2.4781861305236816, -0.401280015707016]","[[0.5471090012341212, 0.28333071623285294, 0.04303057884089084, -0.5510560340060435, 0.15390952627571297, -0.24490356462431992, 0.18593090600718246, -0.037132717222673556, -0.04282254630243017, 0.265435493429535, 0.12244665576301884, -0.0413617749629944, -0.23297833817549296, -0.14787803940202407, 0.08556692977172052, 0.15886105145472512, 0.3053763463433615, 0.16733212994187815, 0.5984985243108627, 0.12011818885225309, 0.21874307830890807, -0.05344529921961328, -0.1310252473099792, -0.3414730968148511, 0.19507219161047165, -0.45411713502024975, 0.29679547500868053, -0.10501811252678817, 0.4469565462546696, 0.1699762342509982, 0.19162540686684257, -0.047207956942676335, -0.026035986781761316, 0.5223788777686965, 0.23718419619756245, -0.040900554567817105, -0.21422588576356127, -0.3698527977428166, 0.4076884331702516, 0.10925470096102788, -0.5846490676263046, -0.12411063086835739, -0.022178043706141373, -0.134564375960302, -0.24007136135229315, 0.15427830496738051, -0.3025419269226462, 0.13034969236673405, -0.3563729590492073, 0.012704822836871054, 0.21752939263885077, -0.24036371269960072, -0.6725011274004244, -0.2936778810773187, -0.2400473480566894, -0.19816818858682264, -0.041071319139891614, 0.1491067509202704, 0.18791638365340677, 0.05841325559801476, -0.20544024708318612, 0.11899000843354779, -0.040208757408400075, 0.28149639062773946], [0.28333071623285294, 0.8737171583989514, -0.11805496921450549, -0.5396529656326696, -0.1105448127672185, 0.14403797905253413, 0.18425882983822137, 0.2888161593271202, 0.12695250530795998, -0.05673974964770554, 0.19631368840997088, 0.588307058052447, -0.21100849345827286, 0.27131414936666176, -0.3053009773422671, 0.0902651336942324, 0.39299778418068326, 0.15821690687020185, 0.3967720167133976, -0.009848499351488243, -0.11434388062702504, -0.04414004500316973, 0.10593875669178639, -0.3822374392381814, -0.3787883072249935, 0.043494311669191085, 0.1026180338281431, 0.23741995530151697, 0.3381711738078864, 0.4332802489844846, 0.21092762866900552, -0.025623125079205836, 0.2334620953770255, 0.3050844220290055, -0.12136050168066566, 0.04779202868540592, -0.10971297127863414, -0.5272979779163107, 0.07155674653768986, -0.10954638239540138, 0.2378356496962747, -0.2495068759895622, -0.15022009227209346, 0.3695475031175988, -0.02366265066978549, 0.272984144858846, -0.4594963185429212, 0.07760059427346623, -0.26510753121215286, 0.30501826235233825, 0.04996688098421677, 0.3848422432612204, -0.27265243223949065, -0.2568848125034475, 0.35957132016261917, -0.3005034727310444, 0.33360121672449167, -0.06289895733293425, 0.28834122339072077, 0.5209685734242999, -0.6388720427066259, 0.3723157167399805, -0.41005446888778, 0.5578743261140489], [0.04303057884089084, -0.11805496921450549, 0.4735019357974691, -0.1898037844173389, 0.0614232433250995, -0.23509917952436812, -0.25766395817470367, 0.09507877256833865, -0.2460346926620784, 0.0040113595746870115, -0.27951592906652034, -0.4417666011389798, -0.20768171309498587, -0.333250347350118, -0.035124937470552293, -0.0010805445708993537, -0.16886275912392182, -0.17194095125029116, 0.19046819229011083, 0.028904512921094593, 0.32004657638181316, 0.05451576706678804, -0.03852925786079613, 0.14743518297898117, 0.21361840052277298, -0.15493340160173716, 0.25806093152570947, -0.21539579202339684, -0.023885922463090962, 0.05095938109634346, -0.22467929386302754, 0.16718420978012358, -0.292830508368937, 0.44348026577528477, 0.2736292196188017, -0.12688904335875234, -0.008844544894848637, 0.11142524548232055, 0.15806900729593976, 0.3296748881493286, -0.5176744738218345, -0.1411666797537216, -0.28895578391261884, -0.14148171907096285, -0.09741131882498572, -0.06140101484849504, -0.04567584069068369, -0.19558576506363523, -0.0921286313776382, -0.23506384992007998, 0.19929802301752925, -0.35524412194084437, -0.16300789886679146, -0.21743122278431662, -0.056121870289000245, 0.01622512393194401, -0.2367580497793812, 0.31362886670907736, 0.09675900575929813, -0.22460112272013397, -0.09136271477138337, -0.027059100499957987, 0.1535948864362815, 0.16667931696110405], [-0.5510560340060435, -0.5396529656326696, -0.1898037844173389, 1.2146076693059928, -0.2877947260458207, 0.6780095183044279, -0.46475982136601673, -0.16462323493759218, 0.33409246204341386, -0.43808633527800644, 0.005026475350016529, 0.04018008727016906, 0.1659684602896116, 0.2122850660317498, 0.10529563237886924, -0.08414485486402995, -0.39186114202766054, -0.016813743151841167, -0.9378436275582949, -0.3180931955188563, -0.38381251186472265, -0.19371022624519688, -0.22465329650506088, 0.36154080163608615, -0.47168863232009395, 0.6141719641151111, -0.8928236688936608, 0.3083941818466559, -0.7624933382049495, -0.6427303522203515, -0.292191119073765, 0.07094959639995911, -0.16916613699153157, -1.217766021894998, -0.3483661054947179, -0.04133172574365284, 0.44289646154963186, 0.6968297538348719, -0.9552425496556064, -0.2647071623036914, 1.3116698136257858, 0.14396625154075884, 0.7351404644846757, 0.06806464083004052, 0.23379208398635212, -0.07787543441811523, 1.0780297942357575, 0.029282074406462757, 0.8803873537359944, 0.06122975844356174, -0.3576800167575742, 0.7412468776613197, 1.2093108062264935, 0.8467958927853891, 0.27166137460682643, 0.7662529675668963, 0.021307572681234486, -0.25307757053433383, -0.7335638517770489, 0.08611812688563061, 1.0511839861640366, -0.3701317397551517, -0.18569345623511935, -0.9221495213695107], [0.15390952627571297, -0.1105448127672185, 0.0614232433250995, -0.2877947260458207, 0.5078389076309581, -0.5324903001456375, 0.25893263308419695, 0.08798482283017608, -0.09025223804369578, 0.2984981159517166, -0.03362135714544622, -0.0366891233473398, 0.033670014674438906, -0.1954216563429888, 0.10307419222728402, 0.11072737227773385, -0.008488713367686146, 0.04018109553405445, 0.22555990619733046, 0.3298039819239779, 0.41539587853777155, 0.2609320424916232, 0.03390238680490733, -0.09454588532378508, 0.6224383446625836, -0.3533027271303884, 0.35928594992870805, -0.2529402812765626, 0.22888741656255007, 0.016754512878161352, 0.10781139017093239, -0.15494410479685053, -0.07747443171525412, 0.4967918896784065, 0.29092560335034606, 0.04564104144367284, -0.03271712762254969, -0.18228559864992616, 0.5539637686592211, 0.20549652234280164, -0.836924125385364, 0.11294906856118936, -0.27422060693929406, -0.2669079930417837, -0.2796718812560343, -0.2476654174066347, -0.3950044335017103, 0.03434225015042201, -0.33841483459509186, -0.30676723361222114, 0.16398187554666407, -0.5812867816322528, -0.5732661735382505, -0.41147057380435914, -0.32603661783284155, -0.3610737486650623, -0.18419492589990144, 0.10472941823042063, 0.38699308974335433, -0.3493243058915698, -0.36659802212502723, 0.0940786752096163, 0.37990516600753294, 0.29947174274438143], [-0.24490356462431992, 0.14403797905253413, -0.23509917952436812, 0.6780095183044279, -0.5324903001456375, 1.0891621837905934, -0.22485273927681884, -0.08918298016669406, 0.30181132363571195, -0.455229774484242, 0.09080942571825652, 0.38730692195046, -0.13977300414256486, 0.6161363649643564, -0.005055164604760799, 0.007222761043725028, -0.04303185858791888, 0.06849713079328835, -0.5930847964193611, -0.4095709173406644, -0.6409293079394264, -0.43059442553308386, -0.04300147091455602, 0.01999276842632886, -1.05636841339297, 0.6628489484467233, -0.7242917317489457, 0.49129741029446894, -0.3997351828339625, -0.1344837375065905, -0.008122941549463795, 0.05435606883632776, 0.13159975172521637, -0.9507928945421015, -0.48153348456710554, 0.006511839328272564, 0.08015595410458337, 0.3330609601821124, -1.1154473601005492, -0.5102149745666806, 1.594360560108747, -0.103130901094194, 0.6502933859599017, 0.4258440348490514, 0.4593405803918438, 0.2890364757192078, 0.6010433465718952, -0.08250181500768318, 0.5910350572508143, 0.7118553221500447, -0.2321412625873129, 1.057116213246756, 0.9369616853609993, 0.6765943503315461, 0.5237987245526364, 0.5503845979108993, 0.3400826666808224, -0.2957612575995265, -0.7152079200277011, 0.7053138283625534, 0.638997069250772, -0.1382295478122233, -0.620424529901785, -0.6640382306391465], [0.18593090600718246, 0.18425882983822137, -0.25766395817470367, -0.46475982136601673, 0.25893263308419695, -0.22485273927681884, 0.9683110142312505, -0.1917290864528735, -0.15831666222851867, 0.381430225093729, 0.20955901657773, 0.3498154265130191, 0.2859562721601532, 0.3626331303671158, 0.195682269301721, 0.060470985400463355, 0.33761188545864146, 0.1938013699331622, 0.2194813088257738, 0.30281753691122976, -0.051599982939851075, 0.17618546795668621, 0.3588504561283884, -0.283842051680691, 0.17138766594848878, -0.31171469611740293, 0.5159241602215017, -0.0946782931467472, 0.5806456968511553, 0.4252480921735966, 0.6405720256743536, -0.2914201384888549, 0.6265831144028435, 0.4555497324705209, -0.0253787129403348, 0.22452981683055756, -0.4516363044893194, -0.489787339729185, 0.5085613555224268, -0.3138451402637657, -0.6082964483570121, 0.35269936042553185, -0.3644053159400388, 0.09731240031201309, 0.16457363804406147, -0.0912829003027697, -0.8832252399779915, 0.015684978848752022, -0.5982900388372148, 0.2590845862068787, -0.021710523261367968, -0.42736713801520376, -0.662911132776592, -0.42067870169528643, -0.3890432488663418, -0.7220853445039105, 0.24513194601066718, -0.22012697846060972, 0.45390705415849625, -0.0634521636639466, -0.6186448940464438, 0.15895589235210777, 0.26612428872998417, 0.23627253950586408], [-0.037132717222673556, 0.2888161593271202, 0.09507877256833865, -0.16462323493759218, 0.08798482283017608, -0.08918298016669406, -0.1917290864528735, 0.4480979257424627, 0.04113945649313296, -0.12727687375652957, -0.1118353197077855, 0.2045258322756248, -0.16136295507547907, -0.031234626656278852, -0.2755247493124643, 0.03618004562560794, -0.010377724186165303, -0.08001185460947176, 0.07086471964352759, 0.04136954833821811, 0.1403466378890831, 0.08712933091539674, 0.054182489974135335, -0.0345016097949085, 0.03287276473226274, 0.14347798312122084, -0.0015031560185030694, 0.08294171978188, -0.031560531156876896, 0.08474221829183025, -0.18317642098112294, 0.01941105457544136, -0.17096843811985812, 0.22727709588305647, 0.03511489202792941, -0.05308087825991382, 0.18087081723238818, -0.12049663930011108, 0.030068374580512456, 0.20290948420078098, 0.05227204691712046, -0.21092108061070078, -0.22259028970969222, 0.05763424408829685, -0.15320989616386285, -0.033048522581491345, -0.12515970717068634, -0.05024746024906601, -0.04889975772085543, -0.15760583047842944, 0.09573448399795383, 0.08820626731063656, -0.06127604355028698, -0.22119808682043252, 0.28962650256659467, -0.10921025636022788, -0.012449849881547763, 0.12652742447102588, 0.22510807097341598, 0.09512770986898561, -0.41623587798195816, 0.1973082903398927, -0.08711653054524758, 0.44747297389659835], [-0.04282254630243017, 0.12695250530795998, -0.2460346926620784, 0.33409246204341386, -0.09025223804369578, 0.30181132363571195, -0.15831666222851867, 0.04113945649313296, 0.44541753553048224, -0.2011412848399273, 0.2038275431478256, 0.3215119609394776, -0.03640711157598471, 0.13427582052811743, -0.034805573941981194, 0.06549318496104983, -0.0011894795804459222, 0.17716712191863795, -0.18481161117131695, -0.15225674211549384, -0.09141988729247037, -0.16784499165088293, -0.17489169850472316, -0.13617424045098508, -0.2621057019436536, 0.18195515355672798, -0.4974145014026252, 0.24260947053511905, -0.14563838114819408, -0.29337737607067377, -0.06303378170500114, -0.011433668949010878, -0.08367225001242992, -0.41116860046096504, -0.17795556592410494, -0.019696031962693386, 0.33597749225463996, 0.04572482598295326, -0.27647191545242306, -0.10067535938882229, 0.6313891620834083, -0.11837677436863761, 0.45803773574361734, 0.1116804760018919, -0.05593514234095138, 0.1072270309938919, 0.40244038761555007, 0.24933404988418434, 0.4353480784834843, 0.09517654244713009, -0.1345606430831063, 0.5364063676183248, 0.41720504255137414, 0.20588262988666506, 0.21290530126479218, 0.2729628323686278, 0.0813628224155967, -0.06685272333896647, -0.24724627937570778, 0.2598487790682963, 0.2724384603934438, 0.07421961351302607, -0.27860550169845866, -0.1920237980992227], [0.265435493429535, -0.05673974964770554, 0.0040113595746870115, -0.43808633527800644, 0.2984981159517166, -0.455229774484242, 0.381430225093729, -0.12727687375652957, -0.2011412848399273, 0.650010267135392, -0.06911547021623628, -0.1415638770625358, 0.08870506967304055, -0.07743214057069923, 0.2501422084717575, 0.02078044587050206, 0.05700946400399928, 0.01604437664854271, 0.466591119171483, 0.12346687391503369, 0.11462711668531211, 0.16501512777587293, 0.1448920820069125, 0.009114761232334845, 0.545363899063276, -0.27161161759559876, 0.5540325371858904, -0.4296999658653326, 0.31474693316565366, 0.24626674003221102, 0.14138668768031892, -0.15665762630802663, -0.05687232005468763, 0.4802061961233644, 0.14556585357900884, 0.1323148836660825, -0.33487122617777115, -0.14245743864586738, 0.4464549363011327, 0.13896033617272585, -0.7589775785226193, 0.15638042659312829, -0.2345298721112157, -0.08343998245186066, -0.15165727643523297, -0.03881369530771366, -0.5930109271401494, -0.03682244384233394, -0.5403673894885517, -0.009169774458962764, 0.22825330537003943, -0.5794700111055647, -0.7713431595904218, -0.347941694807502, -0.4419336742675548, -0.3465654220382609, -0.09244902639118703, 0.050389784592873126, 0.30387292996853643, -0.2592362877346176, -0.1766838489959925, 0.10604878308563884, 0.20773852484394392, 0.10574918292318253], [0.12244665576301884, 0.19631368840997088, -0.27951592906652034, 0.005026475350016529, -0.03362135714544622, 0.09080942571825652, 0.20955901657773, -0.1118353197077855, 0.2038275431478256, -0.06911547021623628, 0.395787121621969, 0.29088239471366406, 0.08182889190435697, 0.1524035145219926, -0.01859200923479561, 0.06256866628324825, 0.26023406909671215, 0.24909252223236833, 0.027617117070102816, 0.055745382498917584, -0.057676459117814056, -0.003679101816547695, -0.08919064362469706, -0.234656641915616, -0.15749879958935017, -0.12714534274070438, -0.07572309235322573, 0.21692214404728083, 0.13464979968934043, -0.029612320877622975, 0.2857378976737278, -0.053639710206962773, 0.2418002081827442, -0.19788073740682696, -0.051235840227843166, 0.05331100259636237, 0.013103837422376287, -0.20846786876798554, 0.03855111948165065, -0.23439838914281383, 0.1063119515244579, 0.12980151817808627, 0.21853820523828676, 0.040512169281322195, 0.015874358170886067, 0.01651926062136478, 0.04435956314969267, 0.2223031249439951, -0.0033683067653835, 0.10958135148413418, -0.10793499351531663, 0.19255265736354213, 0.03750633916155532, 0.11001399276166783, -0.021300396999080148, -0.02991840032201044, 0.1805057225666873, -0.2202150811761502, 0.017170976322905793, 0.15996277796091765, 0.020599743415541442, -0.05145973816661843, -0.0525276324904755, -0.008578601790975778], [-0.0413617749629944, 0.588307058052447, -0.4417666011389798, 0.04018008727016906, -0.0366891233473398, 0.38730692195046, 0.3498154265130191, 0.2045258322756248, 0.3215119609394776, -0.1415638770625358, 0.29088239471366406, 1.016318816983836, 0.043510759013898045, 0.5388382564415968, -0.12481592846073958, 0.10780193118711319, 0.22810571036188115, 0.28803132127741576, -0.20901082793372508, 0.018313255378782003, -0.27212450932971377, 0.04017625134762817, 0.12841414675672397, -0.308298295291513, -0.4960220698437162, 0.2749993157775749, -0.27060666796541816, 0.418188578749494, 0.10879736957466986, 0.1753332340018526, 0.28767437313392913, -0.22061312919290435, 0.4379045383453409, -0.2279944867767517, -0.3699748833788552, 0.1781443717552415, 0.057037392366187635, -0.42784729422995893, -0.2519882988659312, -0.36918036408935545, 0.7828986563867608, 0.031785567979712465, 0.12383512230642679, 0.4545519661353467, 0.1076343925975933, 0.1297711575594632, -0.22370012438545256, 0.14315331945380758, 0.041927557622844586, 0.35861133305417203, -0.1783958379666653, 0.6427241961023518, 0.18087414422931916, 0.033755016200411124, 0.33272543240263397, -0.22516402505281263, 0.46221046429385104, -0.36715764938435985, 0.14111377947726278, 0.48536317577527244, -0.4229076267899558, 0.3246845302663389, -0.3291829942217911, 0.18944486835988267], [-0.23297833817549296, -0.21100849345827286, -0.20768171309498587, 0.1659684602896116, 0.033670014674438906, -0.13977300414256486, 0.2859562721601532, -0.16136295507547907, -0.03640711157598471, 0.08870506967304055, 0.08182889190435697, 0.043510759013898045, 0.42657991701116477, 0.07958204679628171, 0.06225614041033138, -0.13610053814574666, 0.0029074688853481427, -0.01670966608550814, -0.208018582301938, 0.07594392529373656, -0.13248585353958411, 0.15229875080765082, 0.16935005703470155, 0.11480032268025087, 0.16189806748658683, 0.038616373780047245, 0.02499576015222516, -0.0386459534413289, -0.010397518780690418, -0.0201424078672489, 0.14716290020321213, -0.09602906408114857, 0.2689971155230727, -0.17707411700073175, -0.15172406875193842, 0.11927580531030822, -0.026724162277594294, 0.0061713211908957415, 0.15177592703615295, -0.1258154150516383, -0.07153969288113815, 0.3084013476312362, -0.10098022045316686, 0.01475072316511741, 0.11588589895078498, -0.16087161494408778, -0.10389906950176604, 0.0630333272364644, -0.042226816913672895, -0.10687212377516403, -0.2031276144560005, -0.12581187149270187, 0.09688992596339892, 0.055301001875238634, -0.14263236293637732, -0.1808642399975239, 0.07845547514117639, -0.19918133398461627, 0.12100128615069222, -0.23817154006145672, -0.025113424379825798, -0.04863741912790888, 0.2139092228312886, -0.09666720777637187], [-0.14787803940202407, 0.27131414936666176, -0.333250347350118, 0.2122850660317498, -0.1954216563429888, 0.6161363649643564, 0.3626331303671158, -0.031234626656278852, 0.13427582052811743, -0.07743214057069923, 0.1524035145219926, 0.5388382564415968, 0.07958204679628171, 0.8355155708667759, -0.0234323314776783, 0.043436139996966515, 0.12343618706147136, 0.11983779986079568, -0.30874196669089166, -0.15694293944786772, -0.5463888889471914, -0.13171888604627724, 0.24276608965872296, -0.058052248382054514, -0.5891888008535354, 0.42507097023956625, -0.0997912467722675, 0.2551576888392363, -0.036705260225983215, 0.1855642354396034, 0.3177935112576425, -0.10456073996973643, 0.36956223202944827, -0.4679172701979361, -0.3235420347655499, 0.15296796090079576, -0.19175942224180217, 0.04858112573408832, -0.5441182808069346, -0.5983612269122882, 0.8494999648604658, 0.14924757925042867, 0.1737640394608661, 0.41637177110658813, 0.438582897977394, 0.03871464517780227, -0.16829761256884074, -0.12302944669863965, 0.0008512557498695999, 0.7177301058107967, -0.08160653059697973, 0.49230499384145443, 0.25355456570632057, 0.21344181757470526, 0.21763187375745197, -0.0532311646052321, 0.398727678718162, -0.3711992022126351, -0.18453044105397026, 0.5167992826971092, 0.0359665583786441, -0.09418890200975179, -0.27180509602935804, -0.296242159841772], [0.08556692977172052, -0.3053009773422671, -0.035124937470552293, 0.10529563237886924, 0.10307419222728402, -0.005055164604760799, 0.195682269301721, -0.2755247493124643, -0.034805573941981194, 0.2501422084717575, -0.01859200923479561, -0.12481592846073958, 0.06225614041033138, -0.0234323314776783, 0.403267415089477, 0.07807310088337552, -0.07699403362396237, 0.12990300960905804, -0.000852711987162566, 0.030379396069856235, 0.056333418104932795, -0.02563941607025537, -0.051781963772115594, -0.012194976568810295, 0.12744011787601406, -0.20247285637731893, 0.048347558929158374, -0.16534414493299543, 0.10908933216883185, -0.06647327604669166, 0.12937333702811957, -0.12051619039890947, 0.07182547552326383, 0.019994244761112917, 0.046386342743350774, 0.015822852300175185, -0.17299363241956528, 0.004224793338360361, 0.011663577810343231, -0.05083220274516984, -0.22065930255203908, 0.17821306949264548, 0.15674679490320018, -0.0846743702523152, -0.006556053430627367, 0.044375213323221536, -0.018727125104696807, -0.0003338547677155192, -0.013693393790040202, 0.08576848633238623, 0.06235757438872043, -0.20626817526295987, -0.14497535983026752, 0.03199253490259032, -0.4100175454896347, 0.02097638635048042, -0.04836247515859345, -0.012334093554226667, -0.10791786144276562, -0.1480147791831243, 0.21168988554268645, -0.034672774467518964, 0.11961361450293789, -0.3215892208798791], [0.15886105145472512, 0.0902651336942324, -0.0010805445708993537, -0.08414485486402995, 0.11072737227773385, 0.007222761043725028, 0.060470985400463355, 0.03618004562560794, 0.06549318496104983, 0.02078044587050206, 0.06256866628324825, 0.10780193118711319, -0.13610053814574666, 0.043436139996966515, 0.07807310088337552, 0.16704112591901416, 0.03904792863725085, 0.1613600568754318, 0.10116173053686914, 0.0662413500719741, 0.13953062444959644, 0.0102562237554042, -0.09968762041714391, -0.16358753596067327, 0.012576030198329256, -0.16768229832196221, 0.06195876976488962, 0.005960811721472544, 0.12497290148934269, 0.0121935540476002, 0.10042686415732428, -0.03865686695327426, 0.023330118473549055, 0.11839689911492057, 0.14453340965336078, -0.039855815241721035, -0.048571974257766326, -0.14806136095995595, 0.0475104044452857, -0.04571659949579946, -0.12714847839792218, -0.011376755283296623, 0.06180982414400858, -0.024156422903571746, -0.10519359185712066, 0.027212451180535824, -0.06423161297167496, 0.016846679451444708, -0.04210289996020438, 0.08189391376723815, 0.13194992210266493, -0.03227135671564892, -0.17058411189587458, -0.07956558542077007, -0.12055196885369433, -0.02117267847444724, 0.010827099244158866, 0.017601713863052006, 0.03093203987322413, 0.08284798407940759, -0.10881778166858788, 0.023700840026895875, 9.543023765856516e-05, 0.0383520994004012], [0.3053763463433615, 0.39299778418068326, -0.16886275912392182, -0.39186114202766054, -0.008488713367686146, -0.04303185858791888, 0.33761188545864146, -0.010377724186165303, -0.0011894795804459222, 0.05700946400399928, 0.26023406909671215, 0.22810571036188115, 0.0029074688853481427, 0.12343618706147136, -0.07699403362396237, 0.03904792863725085, 0.44667427712313335, 0.1306690504651861, 0.31277076727117603, 0.12390517327612753, -0.07173379898325426, -0.04956011323661722, 0.06621641820238681, -0.3422709498320534, -0.0792609259461892, -0.19673763517380904, 0.13261548119554156, 0.16748021707590963, 0.399531231677435, 0.2069640240783556, 0.3415205382863799, -0.09612187749478157, 0.2871852884538355, 0.230530413287682, -0.03416119823586902, 0.05944844876603984, -0.18168821450271297, -0.40789193613491714, 0.2447706588791629, -0.11636959375485253, -0.16852240156458584, -0.003259982108359769, -0.07443976012717467, 0.02713599564069715, 0.013583243432032932, 0.08724733545562541, -0.310813598632939, 0.15602814077916105, -0.307908534537883, 0.10035298576903048, -0.03994791838899804, 0.027096807596445657, -0.34401018030202385, -0.14759270702585808, 0.0008997206802833889, -0.3078967890905695, 0.1737696297194618, -0.08763169423524278, 0.21509862300334653, 0.1692872097403453, -0.2959414121860139, 0.10233223920633536, -0.0855647545472745, 0.304919456052299], [0.16733212994187815, 0.15821690687020185, -0.17194095125029116, -0.016813743151841167, 0.04018109553405445, 0.06849713079328835, 0.1938013699331622, -0.08001185460947176, 0.17716712191863795, 0.01604437664854271, 0.24909252223236833, 0.28803132127741576, -0.01670966608550814, 0.11983779986079568, 0.12990300960905804, 0.1613600568754318, 0.1306690504651861, 0.3243705281576479, 0.07725240137341945, 0.04237385945793739, 0.06062460249433407, 0.012264895888338158, -0.12702269124788212, -0.23970581482213088, -0.1146307389543388, -0.21268119193170545, -0.016353188691983895, 0.10146726952916416, 0.1878294725641876, 0.010046667652438666, 0.24283569743571226, -0.08788942203797255, 0.21004834416569648, -0.01903942450885684, 0.0411207524971009, 0.005097142334297019, -0.04100797211035609, -0.2636866442652641, 0.05010488152964041, -0.18293450492238497, -0.012858140353975263, 0.08390030942440278, 0.17808763159703736, 0.07220094662146463, -0.06214217322146172, 0.08952563055771362, -0.04062030041376562, 0.1435909889929202, 0.00650414754541388, 0.1373289847341886, 0.016398446166055746, 0.09551768986208486, -0.08047785045844126, 0.020285069942683105, -0.17327671841715, -0.03151579703409523, 0.142681340738989, -0.12195067621132692, 0.033569495798412265, 0.1240820776595982, -0.08097127484945942, 0.050640714100751126, -0.02991709683991316, -0.01583002126095244], [0.5984985243108627, 0.3967720167133976, 0.19046819229011083, -0.9378436275582949, 0.22555990619733046, -0.5930847964193611, 0.2194813088257738, 0.07086471964352759, -0.18481161117131695, 0.466591119171483, 0.027617117070102816, -0.20901082793372508, -0.208018582301938, -0.30874196669089166, -0.000852711987162566, 0.10116173053686914, 0.31277076727117603, 0.07725240137341945, 0.9874165434231429, 0.1683257117661707, 0.3817521542089064, 0.10519390516291428, 0.0049871696525394015, -0.2904021400754103, 0.4906157034881812, -0.5966773956048761, 0.6993070914268315, -0.34439809240786273, 0.6061930009654721, 0.40540965997396783, 0.12823365272453063, -0.010146701931497524, -0.11121371301659144, 0.9416443929434444, 0.36717798160169857, -0.04867284327806912, -0.30502007941006154, -0.47805890849259564, 0.7749132187093813, 0.32826411082832085, -1.1256913675719558, -0.16269564887339044, -0.39916488444243514, -0.12330816978069344, -0.3416936668377343, 0.12143015944552786, -0.684857299045787, 0.04439484802038853, -0.6781907152280255, -0.1202579831129312, 0.37046320150545337, -0.5915102857812727, -1.053318011544121, -0.6115090917040318, -0.3270988755409742, -0.415400853535407, -0.09647522212465373, 0.31061350044721825, 0.5032340848666115, -0.1055666576991804, -0.5736552282540087, 0.22479246291637422, 0.05846031572345598, 0.6309850307536957], [0.12011818885225309, -0.009848499351488243, 0.028904512921094593, -0.3180931955188563, 0.3298039819239779, -0.4095709173406644, 0.30281753691122976, 0.04136954833821811, -0.15225674211549384, 0.12346687391503369, 0.055745382498917584, 0.018313255378782003, 0.07594392529373656, -0.15694293944786772, 0.030379396069856235, 0.0662413500719741, 0.12390517327612753, 0.04237385945793739, 0.1683257117661707, 0.41777566653334747, 0.30604850304780923, 0.2361603800303042, 0.07933502119008615, -0.17004552600005082, 0.39766321359380585, -0.4142388395367946, 0.3378316344265753, -0.05678666903060194, 0.31827065750318323, 0.07669058247110276, 0.2519213525564196, -0.1640095342369861, 0.21492518178796144, 0.4405165815981221, 0.24987357783921524, 0.07378290657652412, -0.135555648608679, -0.32063316270289266, 0.5261126913670399, 0.061573452635105226, -0.7528090690896878, 0.14294146844017674, -0.35149198217789784, -0.2117528966158666, -0.13018256778026158, -0.18985916078362908, -0.3756219872656782, 0.023409332990206044, -0.33743967712852285, -0.24894595637512046, 0.03340515375201318, -0.5065117605008868, -0.44948648996168317, -0.28458093382783767, -0.2714639976621917, -0.3921209731612272, -0.06404011187567756, -0.008002127269436294, 0.3919904144480504, -0.29634128911727864, -0.5010238349186573, 0.05748601754957564, 0.3758888463691022, 0.36460030216501604], [0.21874307830890807, -0.11434388062702504, 0.32004657638181316, -0.38381251186472265, 0.41539587853777155, -0.6409293079394264, -0.051599982939851075, 0.1403466378890831, -0.09141988729247037, 0.11462711668531211, -0.057676459117814056, -0.27212450932971377, -0.13248585353958411, -0.5463888889471914, 0.056333418104932795, 0.13953062444959644, -0.07173379898325426, 0.06062460249433407, 0.3817521542089064, 0.30604850304780923, 0.759502315791642, 0.2510928211102657, -0.17043828025045243, -0.1265293866469217, 0.6440334409332966, -0.6197736994185293, 0.34995664953607497, -0.2657345923470485, 0.2450095817748279, -0.05184346380078939, -0.06791653037896485, 0.028936525747684867, -0.2289390318193275, 0.7468356500153026, 0.46403793407391125, -0.1483065731814924, 0.11813968015337863, -0.2518503148811825, 0.6992773945469167, 0.4656255734773935, -1.130348326385781, -0.042112500698818466, -0.3021799597857884, -0.3396079822319185, -0.4280979238338105, -0.15575760046338463, -0.19369363821208116, 0.0731511951340753, -0.19122864734516581, -0.5410435801762553, 0.2909714522848687, -0.6255487879878059, -0.5007781738133835, -0.5053483542567099, -0.3724417669999138, -0.23925021854836553, -0.2819389977323764, 0.36338124444753034, 0.4179565957829629, -0.42418829589872403, -0.43180752940979555, 0.10471791599353508, 0.37646004968283353, 0.45858305589023013], [-0.05344529921961328, -0.04414004500316973, 0.05451576706678804, -0.19371022624519688, 0.2609320424916232, -0.43059442553308386, 0.17618546795668621, 0.08712933091539674, -0.16784499165088293, 0.16501512777587293, -0.003679101816547695, 0.04017625134762817, 0.15229875080765082, -0.13171888604627724, -0.02563941607025537, 0.0102562237554042, -0.04956011323661722, 0.012264895888338158, 0.10519390516291428, 0.2361603800303042, 0.2510928211102657, 0.39335497810465614, 0.08360836164062495, 0.07891359198490713, 0.4069810243324375, -0.2033171307275681, 0.4134980723976968, -0.18425580669582312, 0.08123131697041107, 0.15985804694121072, 0.06799555319772711, -0.05165125996523017, 0.08520015722413471, 0.26782789156976206, 0.19165072618952883, 0.05538452612214616, -0.08497520012006336, -0.16662902056456128, 0.38888903809925424, 0.09128382312440822, -0.59168424133884, 0.23172214503483188, -0.3722685668890184, -0.06424422763728967, -0.13590169407689826, -0.2240082485852323, -0.3519502007725061, -0.07314289900062144, -0.33013784440777594, -0.26101811764199934, 0.09881711706454269, -0.4376130246762108, -0.3254599181394638, -0.22296274165744, -0.2087767556038326, -0.281181377568, -0.020414305721972385, -0.05279397395197061, 0.4184462090739396, -0.3037169690285913, -0.41950332128274936, 0.0028456486672690014, 0.3379344086235729, 0.29690990298209086], [-0.1310252473099792, 0.10593875669178639, -0.03852925786079613, -0.22465329650506088, 0.03390238680490733, -0.04300147091455602, 0.3588504561283884, 0.054182489974135335, -0.17489169850472316, 0.1448920820069125, -0.08919064362469706, 0.12841414675672397, 0.16935005703470155, 0.24276608965872296, -0.051781963772115594, -0.09968762041714391, 0.06621641820238681, -0.12702269124788212, 0.0049871696525394015, 0.07933502119008615, -0.17043828025045243, 0.08360836164062495, 0.4165093539993588, 0.047686670861293246, -0.007508272265398321, 0.16207464076432312, 0.2785195316235623, -0.043221458411728635, 0.14728344754145514, 0.31971680955669796, 0.1704270077006239, -0.1213335769308741, 0.23185507733596822, 0.21458798736979806, -0.1373688202773801, 0.17785336941761343, -0.19653843159308046, -0.07815157910953702, 0.10078303515635373, -0.08603526463993172, -0.12420862134271111, 0.08575246974290794, -0.4081474915091908, 0.1641910859691008, 0.2397125778173914, -0.10218133837787464, -0.5545462077206829, -0.17496605556504058, -0.32630184458610484, 0.14988404859419555, -0.07237416868637614, -0.18025389790461194, -0.18156873446001745, -0.21695823940764994, 0.06359124497047967, -0.39201734775634905, 0.10985905768066545, -0.09252605332101746, 0.2395251617058866, -0.03416078561719579, -0.3998225890852122, 0.13944328471354508, 0.11198426415603886, 0.20991289080680006], [-0.3414730968148511, -0.3822374392381814, 0.14743518297898117, 0.36154080163608615, -0.09454588532378508, 0.01999276842632886, -0.283842051680691, -0.0345016097949085, -0.13617424045098508, 0.009114761232334845, -0.234656641915616, -0.308298295291513, 0.11480032268025087, -0.058052248382054514, -0.012194976568810295, -0.16358753596067327, -0.3422709498320534, -0.23970581482213088, -0.2904021400754103, -0.17004552600005082, -0.1265293866469217, 0.07891359198490713, 0.047686670861293246, 0.47484705232396723, 0.05828257938406706, 0.3381813540777469, -0.013758839284518688, -0.1633606470388886, -0.44230436167541426, -0.09299115755455266, -0.3113823967404035, 0.1313339272034058, -0.2680205780835304, -0.3250856316096328, -0.05283665041602701, 0.004623368749240163, 0.07726548161984136, 0.4918113104686572, -0.2972280044741843, 0.0745068178891949, 0.21323602485673523, 0.10675758269153687, -0.015256968376506976, -0.0005468912827197611, 0.11391912566754332, -0.15159469443433798, 0.2424977762279463, -0.21109590115303412, 0.1315061879040339, -0.1033829791028589, -0.03074306210019919, -0.04878516252983764, 0.3274822711728543, 0.23587675918679535, 0.07547447675531471, 0.26640465474645614, -0.13069089867771552, -0.01803101283000585, -0.17597402128014125, -0.1941298469828057, 0.3929971571512372, -0.22329500847661513, 0.09854896607590141, -0.3076456060232725], [0.19507219161047165, -0.3787883072249935, 0.21361840052277298, -0.47168863232009395, 0.6224383446625836, -1.05636841339297, 0.17138766594848878, 0.03287276473226274, -0.2621057019436536, 0.545363899063276, -0.15749879958935017, -0.4960220698437162, 0.16189806748658683, -0.5891888008535354, 0.12744011787601406, 0.012576030198329256, -0.0792609259461892, -0.1146307389543388, 0.4906157034881812, 0.39766321359380585, 0.6440334409332966, 0.4069810243324375, -0.007508272265398321, 0.05828257938406706, 1.225233346217649, -0.6274631436901977, 0.6405903311786916, -0.5913881035464292, 0.28320555053030255, -0.057633339406825315, -0.07548886558170162, -0.08983480360199052, -0.29159666818568947, 0.8020052862193796, 0.4947987660286871, -0.02376497176781711, -0.048475869350846044, -0.14292479886924886, 1.0024359883687763, 0.534825520075454, -1.5272404869747105, 0.16965409687674937, -0.4884833000041776, -0.5183410360581803, -0.5037051944687208, -0.3642570539758505, -0.43658998294501095, 0.07175936896164714, -0.4971711837272607, -0.7039946165184772, 0.30160202227250266, -1.0821832551977597, -0.894586296061045, -0.5997346176479649, -0.6206250384640494, -0.4278297135262084, -0.4231233976010968, 0.32419893531108, 0.5769647755930232, -0.7717661397484263, -0.3768124867085603, 0.012509818035409114, 0.6223390068562387, 0.40043870108667023], [-0.45411713502024975, 0.043494311669191085, -0.15493340160173716, 0.6141719641151111, -0.3533027271303884, 0.6628489484467233, -0.31171469611740293, 0.14347798312122084, 0.18195515355672798, -0.27161161759559876, -0.12714534274070438, 0.2749993157775749, 0.038616373780047245, 0.42507097023956625, -0.20247285637731893, -0.16768229832196221, -0.19673763517380904, -0.21268119193170545, -0.5966773956048761, -0.4142388395367946, -0.6197736994185293, -0.2033171307275681, 0.16207464076432312, 0.3381813540777469, -0.6274631436901977, 0.970584560034862, -0.5598305801882683, 0.26314218302832026, -0.6053981751964904, -0.07160800378833847, -0.29681363826372514, 0.08128281896971082, -0.17262067915266638, -0.8186207254282439, -0.5198170754512008, 0.08809246460305509, 0.23703735962134012, 0.5066636080797624, -0.9213451612052104, -0.1952225289371167, 1.3925496524136665, -0.09218494556372597, 0.3039479952961261, 0.36429242361031966, 0.33062516480715476, 0.032540783870345535, 0.38748348831058776, -0.1530101642342637, 0.41093119408043927, 0.3179572490140069, -0.2798196558999381, 0.801671038871788, 0.817884438312365, 0.4719221623931203, 0.6908533340742239, 0.3942011520247939, 0.15457335328160152, -0.23430858468503216, -0.45093624611733235, 0.4011947543655412, 0.5042395396649757, -0.02035749848009171, -0.43390210521422906, -0.4068913376047341], [0.29679547500868053, 0.1026180338281431, 0.25806093152570947, -0.8928236688936608, 0.35928594992870805, -0.7242917317489457, 0.5159241602215017, -0.0015031560185030694, -0.4974145014026252, 0.5540325371858904, -0.07572309235322573, -0.27060666796541816, 0.02499576015222516, -0.0997912467722675, 0.048347558929158374, 0.06195876976488962, 0.13261548119554156, -0.016353188691983895, 0.6993070914268315, 0.3378316344265753, 0.34995664953607497, 0.4134980723976968, 0.2785195316235623, -0.013758839284518688, 0.6405903311786916, -0.5598305801882683, 1.1573067051013481, -0.5046422810510157, 0.5293420555201872, 0.6010041107201164, 0.31141773834546815, -0.05840541733056509, 0.15249869062148597, 0.9481032816516577, 0.48496756268217667, 0.08918246038209612, -0.5772048598422339, -0.35058002056484966, 0.8115013002906133, 0.1069834212046451, -1.4607227110331304, 0.23021410711733772, -0.7944252031214848, -0.12005747219076636, -0.0871058837048787, -0.20733525809123507, -1.048361993744285, -0.2690048852567016, -0.958723414436791, -0.03850463729994999, 0.4061746351742783, -1.0609263838544731, -1.1290797536923791, -0.6467957124541783, -0.5314123121532381, -0.6518621196248303, -0.07992390854574107, 0.09120907721770989, 0.6854925254285373, -0.35394789929545467, -0.7905374138599484, -0.002389627763380916, 0.5201359891574561, 0.5581985384113036], [-0.10501811252678817, 0.23741995530151697, -0.21539579202339684, 0.3083941818466559, -0.2529402812765626, 0.49129741029446894, -0.0946782931467472, 0.08294171978188, 0.24260947053511905, -0.4296999658653326, 0.21692214404728083, 0.418188578749494, -0.0386459534413289, 0.2551576888392363, -0.16534414493299543, 0.005960811721472544, 0.16748021707590963, 0.10146726952916416, -0.34439809240786273, -0.05678666903060194, -0.2657345923470485, -0.18425580669582312, -0.043221458411728635, -0.1633606470388886, -0.5913881035464292, 0.26314218302832026, -0.5046422810510157, 0.5241936217249346, -0.10538853218252854, -0.14205675095860212, 0.09529290486898256, -0.028099619670537125, 0.20819055458393684, -0.46312238032443354, -0.2629572603090033, 0.03491476127136895, 0.19853007330794326, -0.045590832068414536, -0.4298908254928526, -0.2606274210850031, 0.8097288304373387, -0.09011345245176099, 0.28327201879367003, 0.16591688774079852, 0.19709855281805685, 0.09297549181538639, 0.35735683284371794, 0.12007044526850892, 0.33538231745194536, 0.15735684786503973, -0.29035822122123567, 0.6370727595413086, 0.5563635714463909, 0.34797163910968404, 0.3930172903648227, 0.16928012320264532, 0.22108779572292908, -0.21780602553975054, -0.2167262255753009, 0.3466337924914184, 0.12408204048150401, 0.008319774215958226, -0.2602417317255463, -0.05685032161370754], [0.4469565462546696, 0.3381711738078864, -0.023885922463090962, -0.7624933382049495, 0.22888741656255007, -0.3997351828339625, 0.5806456968511553, -0.031560531156876896, -0.14563838114819408, 0.31474693316565366, 0.13464979968934043, 0.10879736957466986, -0.010397518780690418, -0.036705260225983215, 0.10908933216883185, 0.12497290148934269, 0.399531231677435, 0.1878294725641876, 0.6061930009654721, 0.31827065750318323, 0.2450095817748279, 0.08123131697041107, 0.14728344754145514, -0.44230436167541426, 0.28320555053030255, -0.6053981751964904, 0.5293420555201872, -0.10538853218252854, 0.7403536593136908, 0.362709531149053, 0.45265292129964596, -0.1993548007982957, 0.3824343609061651, 0.8306432106098114, 0.20615919937537186, 0.0551019839561451, -0.36882206396783485, -0.6584003310016725, 0.723080461610877, 0.020841990971928112, -0.948376504961295, 0.019171975568282724, -0.4081260644151966, -0.05810568990159846, -0.10833083546154464, 0.08801201697701645, -0.7594727070608311, 0.10219921276596423, -0.5701190615528112, 0.020998738413034086, 0.15020570319531965, -0.506492483451801, -0.8545240772633229, -0.5517415678549448, -0.3894183284758046, -0.6225173691235942, 0.07519710721765831, 0.09319209542556361, 0.5079453213569115, -0.08235016631551817, -0.7466738027524086, 0.2733232810322304, 0.17963208213561738, 0.5438084056867631], [0.1699762342509982, 0.4332802489844846, 0.05095938109634346, -0.6427303522203515, 0.016754512878161352, -0.1344837375065905, 0.4252480921735966, 0.08474221829183025, -0.29337737607067377, 0.24626674003221102, -0.029612320877622975, 0.1753332340018526, -0.0201424078672489, 0.1855642354396034, -0.06647327604669166, 0.0121935540476002, 0.2069640240783556, 0.010046667652438666, 0.40540965997396783, 0.07669058247110276, -0.05184346380078939, 0.15985804694121072, 0.31971680955669796, -0.09299115755455266, -0.057633339406825315, -0.07160800378833847, 0.6010041107201164, -0.14205675095860212, 0.362709531149053, 0.6674509930078943, 0.27045476137988694, -0.04217502444457419, 0.31571829583123967, 0.5258874696201086, 0.022708973848222843, 0.09274081536283457, -0.4468659639940437, -0.38331968805102434, 0.26750081232701395, -0.08108237871562146, -0.4002437947785889, 0.047294285536998944, -0.5136760411135697, 0.24614502764443588, 0.10383809895918512, 0.09191906217514864, -0.8341795719463947, -0.22323761265650752, -0.6254929068683711, 0.26747545488728347, 0.16448689939521802, -0.2560069857771425, -0.5887642454402133, -0.3874901416298757, -0.033331172751105594, -0.4950072436865068, 0.21276096662221847, -0.06126972034071789, 0.4165892941603322, 0.13952317330393024, -0.7033295969651677, 0.21836789293120126, 0.0010370323423119004, 0.46057293185102494], [0.19162540686684257, 0.21092762866900552, -0.22467929386302754, -0.292191119073765, 0.10781139017093239, -0.008122941549463795, 0.6405720256743536, -0.18317642098112294, -0.06303378170500114, 0.14138668768031892, 0.2857378976737278, 0.28767437313392913, 0.14716290020321213, 0.3177935112576425, 0.12937333702811957, 0.10042686415732428, 0.3415205382863799, 0.24283569743571226, 0.12823365272453063, 0.2519213525564196, -0.06791653037896485, 0.06799555319772711, 0.1704270077006239, -0.3113823967404035, -0.07548886558170162, -0.29681363826372514, 0.31141773834546815, 0.09529290486898256, 0.45265292129964596, 0.27045476137988694, 0.6044421791174418, -0.2061517204331037, 0.5750190789483584, 0.18319802228887846, 0.02835289319906839, 0.15802755015574782, -0.3716414371814779, -0.404966466342896, 0.26430882040706893, -0.37397982122028145, -0.33490364933223254, 0.2631168250553356, -0.14047738999332293, 0.06113039819278345, 0.16676283410533174, -0.010478794812643542, -0.5126904645308742, 0.048150399378934734, -0.3778356264080247, 0.28625832289466085, -0.04151486316037972, -0.1897664403548421, -0.37180460067863264, -0.13142964595703255, -0.26501439872867727, -0.43040192734969307, 0.2391111309164199, -0.2694787012270966, 0.23793866435972377, 0.07625528931620866, -0.38484192007005713, 0.028484197900359276, 0.164459633946062, 0.11643478300421664], [-0.047207956942676335, -0.025623125079205836, 0.16718420978012358, 0.07094959639995911, -0.15494410479685053, 0.05435606883632776, -0.2914201384888549, 0.01941105457544136, -0.011433668949010878, -0.15665762630802663, -0.053639710206962773, -0.22061312919290435, -0.09602906408114857, -0.10456073996973643, -0.12051619039890947, -0.03865686695327426, -0.09612187749478157, -0.08788942203797255, -0.010146701931497524, -0.1640095342369861, 0.028936525747684867, -0.05165125996523017, -0.1213335769308741, 0.1313339272034058, -0.08983480360199052, 0.08128281896971082, -0.05840541733056509, -0.028099619670537125, -0.1993548007982957, -0.04217502444457419, -0.2061517204331037, 0.2345017301782594, -0.19429767340260465, -0.09566947483597234, 0.04343060236119038, -0.12090246005006118, 0.10896965152508802, 0.19118453025429946, -0.11246876987055655, 0.08304697316633394, 0.11176407271256199, -0.10035374573870337, 0.0739207450624756, -0.00194986705519423, -0.01039351194247826, 0.033727057305126665, 0.24431337190194694, -0.04246985956671627, 0.15580763674090928, -0.03425660046863185, 0.06277469714455601, 0.11421738868132479, 0.20032594161294376, 0.06612001284254124, 0.12584831954598627, 0.22532330013304147, -0.06255583641794477, 0.11336378434567836, -0.1385061306593548, 0.06266550029907275, 0.19751480026096407, -0.11867791963083385, -0.09645603435258321, -0.07487304875026075], [-0.026035986781761316, 0.2334620953770255, -0.292830508368937, -0.16916613699153157, -0.07747443171525412, 0.13159975172521637, 0.6265831144028435, -0.17096843811985812, -0.08367225001242992, -0.05687232005468763, 0.2418002081827442, 0.4379045383453409, 0.2689971155230727, 0.36956223202944827, 0.07182547552326383, 0.023330118473549055, 0.2871852884538355, 0.21004834416569648, -0.11121371301659144, 0.21492518178796144, -0.2289390318193275, 0.08520015722413471, 0.23185507733596822, -0.2680205780835304, -0.29159666818568947, -0.17262067915266638, 0.15249869062148597, 0.20819055458393684, 0.3824343609061651, 0.31571829583123967, 0.5750190789483584, -0.19429767340260465, 0.8639780075571734, 0.025871727403863492, -0.1347005190904503, 0.1515975101111859, -0.38001321348436745, -0.49802107772296944, 0.15389260447780873, -0.48734470722689416, -0.015293832488038386, 0.2835920565706946, -0.2079384048675623, 0.21414155679329983, 0.2748083104191509, 0.08330941239545338, -0.4457336922390699, 0.01594844878864131, -0.21188838316601347, 0.3373878184908491, -0.17769095569510926, -0.009754634870238806, -0.09383508276553139, -0.026627496040157874, -0.16110256234063158, -0.4193411170589219, 0.37523845582223553, -0.36160667003564473, 0.20653139424390735, 0.13514175223200248, -0.5503590621028279, 0.10543414622002739, 0.09320779797018414, 0.11281344301015081], [0.5223788777686965, 0.3050844220290055, 0.44348026577528477, -1.217766021894998, 0.4967918896784065, -0.9507928945421015, 0.4555497324705209, 0.22727709588305647, -0.41116860046096504, 0.4802061961233644, -0.19788073740682696, -0.2279944867767517, -0.17707411700073175, -0.4679172701979361, 0.019994244761112917, 0.11839689911492057, 0.230530413287682, -0.01903942450885684, 0.9416443929434444, 0.4405165815981221, 0.7468356500153026, 0.26782789156976206, 0.21458798736979806, -0.3250856316096328, 0.8020052862193796, -0.8186207254282439, 0.9481032816516577, -0.46312238032443354, 0.8306432106098114, 0.5258874696201086, 0.18319802228887846, -0.09566947483597234, 0.025871727403863492, 1.6524715885156356, 0.4966048054529305, -0.05161890472632421, -0.3238989852217879, -0.7273705834176161, 1.2020530053808172, 0.558465219622372, -1.8039980901523693, -0.14402502250264357, -0.9358334676153837, -0.2136611764472399, -0.37188671090532166, -0.043321043915246875, -1.1286846468927276, -0.04643506965792278, -0.8452074516958582, -0.4026905421157546, 0.4327066441368465, -1.068230665566735, -1.3133834298329252, -1.116744983211808, -0.47451050133916334, -0.9012221137865689, -0.20657544736021113, 0.5100891219409913, 0.9054412968553764, -0.4259605665345941, -1.2173575152234557, 0.46415801304710885, 0.419429113327454, 1.0381353978171368], [0.23718419619756245, -0.12136050168066566, 0.2736292196188017, -0.3483661054947179, 0.29092560335034606, -0.48153348456710554, -0.0253787129403348, 0.03511489202792941, -0.17795556592410494, 0.14556585357900884, -0.051235840227843166, -0.3699748833788552, -0.15172406875193842, -0.3235420347655499, 0.046386342743350774, 0.14453340965336078, -0.03416119823586902, 0.0411207524971009, 0.36717798160169857, 0.24987357783921524, 0.46403793407391125, 0.19165072618952883, -0.1373688202773801, -0.05283665041602701, 0.4947987660286871, -0.5198170754512008, 0.48496756268217667, -0.2629572603090033, 0.20615919937537186, 0.022708973848222843, 0.02835289319906839, 0.04343060236119038, -0.1347005190904503, 0.4966048054529305, 0.5272726475390483, -0.09861316893768528, -0.1231203226781714, -0.10414726848088397, 0.502251727530622, 0.187018318921454, -0.9652334350983834, 0.01838834221023977, -0.2647950579317948, -0.327281333758206, -0.2653311972934515, -0.15679041243606406, -0.18943234406830123, -0.06789583624615127, -0.28521043968970206, -0.2541462137584438, 0.28808767917098094, -0.6544350836073796, -0.5431759274797393, -0.27884640367199165, -0.3880654488893313, -0.10300723053338734, -0.2552012183162236, 0.20527207759660032, 0.2419913739054684, -0.3076132580166107, -0.249511886979583, -0.12128675808258076, 0.3792805773497548, 0.2461554869454193], [-0.040900554567817105, 0.04779202868540592, -0.12688904335875234, -0.04133172574365284, 0.04564104144367284, 0.006511839328272564, 0.22452981683055756, -0.05308087825991382, -0.019696031962693386, 0.1323148836660825, 0.05331100259636237, 0.1781443717552415, 0.11927580531030822, 0.15296796090079576, 0.015822852300175185, -0.039855815241721035, 0.05944844876603984, 0.005097142334297019, -0.04867284327806912, 0.07378290657652412, -0.1483065731814924, 0.05538452612214616, 0.17785336941761343, 0.004623368749240163, -0.02376497176781711, 0.08809246460305509, 0.08918246038209612, 0.03491476127136895, 0.0551019839561451, 0.09274081536283457, 0.15802755015574782, -0.12090246005006118, 0.1515975101111859, -0.05161890472632421, -0.09861316893768528, 0.2056133841986223, -0.09114431985938458, -0.028627980797418573, 0.016523490791202616, -0.13008616367155346, 0.03363292539330999, 0.08702473531256859, -0.08031933673239466, 0.08366154184983639, 0.12982681178692154, -0.06797864567580321, -0.22816384789230892, -0.018037540981693464, -0.1392650965384584, 0.11249976475986384, -0.12329453163190231, -0.03703013237959786, -0.05235133429861985, 0.015829989696849497, 0.018175992852628393, -0.15124801878851207, 0.06830662804713188, -0.17721777971444436, 0.06839931502550527, -0.019644058173494842, -0.06543395994832986, 0.058830773593880246, 0.08139154160413697, 0.008101757684627113], [-0.21422588576356127, -0.10971297127863414, -0.008844544894848637, 0.44289646154963186, -0.03271712762254969, 0.08015595410458337, -0.4516363044893194, 0.18087081723238818, 0.33597749225463996, -0.33487122617777115, 0.013103837422376287, 0.057037392366187635, -0.026724162277594294, -0.19175942224180217, -0.17299363241956528, -0.048571974257766326, -0.18168821450271297, -0.04100797211035609, -0.30502007941006154, -0.135555648608679, 0.11813968015337863, -0.08497520012006336, -0.19653843159308046, 0.07726548161984136, -0.048475869350846044, 0.23703735962134012, -0.5772048598422339, 0.19853007330794326, -0.36882206396783485, -0.4468659639940437, -0.3716414371814779, 0.10896965152508802, -0.38001321348436745, -0.3238989852217879, -0.1231203226781714, -0.09114431985938458, 0.6187230881396438, 0.2619328482244587, -0.1761992342399265, 0.22258944870880829, 0.45734867530271484, -0.2080641960672926, 0.2959334760920371, -0.05501331198752388, -0.1356570097612299, -0.07384633517175833, 0.5993008823345668, 0.2043375494602096, 0.5551626467577206, -0.3470292193861084, -0.18614256484252112, 0.4070889496473897, 0.5943270614099171, 0.1596846066210922, 0.3269455269232907, 0.32660500841272644, -0.12650406039047898, 0.1281419704663925, -0.1890439872356712, -0.03195888636202857, 0.3299543666819991, 0.03758513596314567, -0.11417374683830511, -0.054440757980940724], [-0.3698527977428166, -0.5272979779163107, 0.11142524548232055, 0.6968297538348719, -0.18228559864992616, 0.3330609601821124, -0.489787339729185, -0.12049663930011108, 0.04572482598295326, -0.14245743864586738, -0.20846786876798554, -0.42784729422995893, 0.0061713211908957415, 0.04858112573408832, 0.004224793338360361, -0.14806136095995595, -0.40789193613491714, -0.2636866442652641, -0.47805890849259564, -0.32063316270289266, -0.2518503148811825, -0.16662902056456128, -0.07815157910953702, 0.4918113104686572, -0.14292479886924886, 0.5066636080797624, -0.35058002056484966, -0.045590832068414536, -0.6584003310016725, -0.38331968805102434, -0.404966466342896, 0.19118453025429946, -0.49802107772296944, -0.7273705834176161, -0.10414726848088397, -0.028627980797418573, 0.2619328482244587, 0.8620050318852035, -0.6302949029321504, -0.02028503744303686, 0.6425365316063031, -0.017703305465566418, 0.3706892166031721, -0.07481909247805081, 0.21194813087905956, -0.1497504706184285, 0.6709509786706848, -0.16902592661782465, 0.45365899163877726, 0.0441877075024681, -0.10492256970939676, 0.2302280160852036, 0.6683072370646854, 0.49620775158460234, 0.2157852459315844, 0.6093748726247354, -0.2099943197434073, 0.0077556321275399345, -0.5791279093911461, -0.046425933495735365, 0.9480892991795798, -0.4061168848108142, -0.036746889819240944, -0.677928757652499], [0.4076884331702516, 0.07155674653768986, 0.15806900729593976, -0.9552425496556064, 0.5539637686592211, -1.1154473601005492, 0.5085613555224268, 0.030068374580512456, -0.27647191545242306, 0.4464549363011327, 0.03855111948165065, -0.2519882988659312, 0.15177592703615295, -0.5441182808069346, 0.011663577810343231, 0.0475104044452857, 0.2447706588791629, 0.05010488152964041, 0.7749132187093813, 0.5261126913670399, 0.6992773945469167, 0.38888903809925424, 0.10078303515635373, -0.2972280044741843, 1.0024359883687763, -0.9213451612052104, 0.8115013002906133, -0.4298908254928526, 0.723080461610877, 0.26750081232701395, 0.26430882040706893, -0.11246876987055655, 0.15389260447780873, 1.2020530053808172, 0.502251727530622, 0.016523490791202616, -0.1761992342399265, -0.6302949029321504, 1.4171674015866336, 0.4034696451256439, -1.8326432778514932, 0.060432724531192854, -0.7480976498964357, -0.3804077767806057, -0.42904563554544023, -0.1954707772966177, -0.8639497720750982, 0.17904165193752403, -0.6969953464160997, -0.5978719542926353, 0.21304385815615906, -1.0966114505214972, -1.1344769796547398, -0.8711198189401271, -0.615056971555131, -0.8043309560721333, -0.2241242320006764, 0.3078260174014746, 0.8553731516150709, -0.6249292059573791, -0.9710679838656948, 0.2773973894882111, 0.6153496447810684, 0.8635209051364965], [0.10925470096102788, -0.10954638239540138, 0.3296748881493286, -0.2647071623036914, 0.20549652234280164, -0.5102149745666806, -0.3138451402637657, 0.20290948420078098, -0.10067535938882229, 0.13896033617272585, -0.23439838914281383, -0.36918036408935545, -0.1258154150516383, -0.5983612269122882, -0.05083220274516984, -0.04571659949579946, -0.11636959375485253, -0.18293450492238497, 0.32826411082832085, 0.061573452635105226, 0.4656255734773935, 0.09128382312440822, -0.08603526463993172, 0.0745068178891949, 0.534825520075454, -0.1952225289371167, 0.1069834212046451, -0.2606274210850031, 0.020841990971928112, -0.08108237871562146, -0.37397982122028145, 0.08304697316633394, -0.48734470722689416, 0.558465219622372, 0.187018318921454, -0.13008616367155346, 0.22258944870880829, -0.02028503744303686, 0.4034696451256439, 0.6368639308940586, -0.6410566581462475, -0.21790965878172255, -0.23630425154836224, -0.24839782920937523, -0.37701762761635355, -0.056572193548576344, -0.017340573977343822, 0.047039310790377965, -0.07575197791694653, -0.5773713976157263, 0.1665391012392287, -0.35023735497003616, -0.2811453551083782, -0.3586151318130175, -0.044002920015459725, -0.06444263040277211, -0.3230655725803423, 0.4221974606417951, 0.24436920452262229, -0.36264532237264363, -0.14169199514068012, 0.18344208034701456, 0.10911294262816634, 0.37212312458283914], [-0.5846490676263046, 0.2378356496962747, -0.5176744738218345, 1.3116698136257858, -0.836924125385364, 1.594360560108747, -0.6082964483570121, 0.05227204691712046, 0.6313891620834083, -0.7589775785226193, 0.1063119515244579, 0.7828986563867608, -0.07153969288113815, 0.8494999648604658, -0.22065930255203908, -0.12714847839792218, -0.16852240156458584, -0.012858140353975263, -1.1256913675719558, -0.7528090690896878, -1.130348326385781, -0.59168424133884, -0.12420862134271111, 0.21323602485673523, -1.5272404869747105, 1.3925496524136665, -1.4607227110331304, 0.8097288304373387, -0.948376504961295, -0.4002437947785889, -0.33490364933223254, 0.11176407271256199, -0.015293832488038386, -1.8039980901523693, -0.9652334350983834, 0.03363292539330999, 0.45734867530271484, 0.6425365316063031, -1.8326432778514932, -0.6410566581462475, 2.957525882612302, -0.21763400915867287, 1.1277079980853293, 0.6990154304037176, 0.5406674524135274, 0.4056887921419061, 1.2235304259104964, 0.03269017953827985, 1.1492253874648348, 0.8049598214432753, -0.5289379691295717, 1.9423616988788146, 1.7434026114736711, 1.1906048337597628, 1.1153265445562672, 0.9966853303437387, 0.49940700862625476, -0.5131923756324668, -1.113647540926972, 1.0594293858755213, 1.1392363465538518, -0.11608912340870961, -1.099097751946365, -1.0025378200594373], [-0.12411063086835739, -0.2495068759895622, -0.1411666797537216, 0.14396625154075884, 0.11294906856118936, -0.103130901094194, 0.35269936042553185, -0.21092108061070078, -0.11837677436863761, 0.15638042659312829, 0.12980151817808627, 0.031785567979712465, 0.3084013476312362, 0.14924757925042867, 0.17821306949264548, -0.011376755283296623, -0.003259982108359769, 0.08390030942440278, -0.16269564887339044, 0.14294146844017674, -0.042112500698818466, 0.23172214503483188, 0.08575246974290794, 0.10675758269153687, 0.16965409687674937, -0.09218494556372597, 0.23021410711733772, -0.09011345245176099, 0.019171975568282724, 0.047294285536998944, 0.2631168250553356, -0.10035374573870337, 0.2835920565706946, -0.14402502250264357, 0.01838834221023977, 0.08702473531256859, -0.2080641960672926, -0.017703305465566418, 0.060432724531192854, -0.21790965878172255, -0.21763400915867287, 0.4657662756812995, -0.057169146316545356, -0.026494699003244748, 0.10226793707110264, -0.20158423574815987, -0.14934565232526023, -0.047042927375925254, -0.19381989163759542, 0.013639745746555274, -0.021647060799029706, -0.2564725833373038, -0.07243256070314222, 0.08111051640627681, -0.31267718355014135, -0.1485819312550245, 0.09671823471093817, -0.26612965459519317, 0.12421806414740102, -0.2006344304000898, 0.0032639488066094234, -0.21322322936682006, 0.2811135729926996, -0.19593055517632316], [-0.022178043706141373, -0.15022009227209346, -0.28895578391261884, 0.7351404644846757, -0.27422060693929406, 0.6502933859599017, -0.3644053159400388, -0.22259028970969222, 0.45803773574361734, -0.2345298721112157, 0.21853820523828676, 0.12383512230642679, -0.10098022045316686, 0.1737640394608661, 0.15674679490320018, 0.06180982414400858, -0.07443976012717467, 0.17808763159703736, -0.39916488444243514, -0.35149198217789784, -0.3021799597857884, -0.3722685668890184, -0.4081474915091908, -0.015256968376506976, -0.4884833000041776, 0.3039479952961261, -0.7944252031214848, 0.28327201879367003, -0.4081260644151966, -0.5136760411135697, -0.14047738999332293, 0.0739207450624756, -0.2079384048675623, -0.9358334676153837, -0.2647950579317948, -0.08031933673239466, 0.2959334760920371, 0.3706892166031721, -0.7480976498964357, -0.23630425154836224, 1.1277079980853293, -0.057169146316545356, 0.9668659279718526, 0.044578294721448274, 0.026160692554957395, 0.22717337584027633, 0.9306903574310288, 0.24927272476725565, 0.6976504877767581, 0.27689451887974265, -0.1376669052265414, 0.8174049071543236, 0.7283578361296196, 0.6525056082591502, 0.17312696293554844, 0.7121111870803434, 0.06488449629878142, -0.15047238526308757, -0.7278488735677086, 0.3988437016783213, 1.0139101415648122, -0.21815500118409598, -0.4643775322945978, -0.7799117428662916], [-0.134564375960302, 0.3695475031175988, -0.14148171907096285, 0.06806464083004052, -0.2669079930417837, 0.4258440348490514, 0.09731240031201309, 0.05763424408829685, 0.1116804760018919, -0.08343998245186066, 0.040512169281322195, 0.4545519661353467, 0.01475072316511741, 0.41637177110658813, -0.0846743702523152, -0.024156422903571746, 0.02713599564069715, 0.07220094662146463, -0.12330816978069344, -0.2117528966158666, -0.3396079822319185, -0.06424422763728967, 0.1641910859691008, -0.0005468912827197611, -0.5183410360581803, 0.36429242361031966, -0.12005747219076636, 0.16591688774079852, -0.05810568990159846, 0.24614502764443588, 0.06113039819278345, -0.00194986705519423, 0.21414155679329983, -0.2136611764472399, -0.327281333758206, 0.08366154184983639, -0.05501331198752388, -0.07481909247805081, -0.3804077767806057, -0.24839782920937523, 0.6990154304037176, -0.026494699003244748, 0.044578294721448274, 0.4822586299559532, 0.23503829856228098, 0.1926735749508392, -0.13822388961598983, -0.0824904843857483, 0.06675323623620652, 0.4222787236437347, -0.07444444210066453, 0.5094765534158116, 0.27506247045036175, 0.10306462842478703, 0.2949482030787385, -0.015389612585931496, 0.34064254042454944, -0.1870445945905395, -0.048522035986617286, 0.396213936879782, -0.13187170276801202, 0.16532446843562287, -0.35834809201939133, -0.04437553978051852], [-0.24007136135229315, -0.02366265066978549, -0.09741131882498572, 0.23379208398635212, -0.2796718812560343, 0.4593405803918438, 0.16457363804406147, -0.15320989616386285, -0.05593514234095138, -0.15165727643523297, 0.015874358170886067, 0.1076343925975933, 0.11588589895078498, 0.438582897977394, -0.006556053430627367, -0.10519359185712066, 0.013583243432032932, -0.06214217322146172, -0.3416936668377343, -0.13018256778026158, -0.4280979238338105, -0.13590169407689826, 0.2397125778173914, 0.11391912566754332, -0.5037051944687208, 0.33062516480715476, -0.0871058837048787, 0.19709855281805685, -0.10833083546154464, 0.10383809895918512, 0.16676283410533174, -0.01039351194247826, 0.2748083104191509, -0.37188671090532166, -0.2653311972934515, 0.12982681178692154, -0.1356570097612299, 0.21194813087905956, -0.42904563554544023, -0.37701762761635355, 0.5406674524135274, 0.10226793707110264, 0.026160692554957395, 0.23503829856228098, 0.4940378901131198, 0.0026630032149580645, -0.008697491028954474, -0.16939455784509058, 0.06892480001548705, 0.4144026332741208, -0.2057162966504439, 0.2508049233349714, 0.38235432097889116, 0.26172218722637286, 0.1829022319100528, 0.03751286346448763, 0.19793383090619374, -0.2311194742095819, -0.2260647307949241, 0.19894128933647817, 0.18782137743956911, -0.1493457388767703, -0.06308170582086209, -0.28869984614878275], [0.15427830496738051, 0.272984144858846, -0.06140101484849504, -0.07787543441811523, -0.2476654174066347, 0.2890364757192078, -0.0912829003027697, -0.033048522581491345, 0.1072270309938919, -0.03881369530771366, 0.01651926062136478, 0.1297711575594632, -0.16087161494408778, 0.03871464517780227, 0.044375213323221536, 0.027212451180535824, 0.08724733545562541, 0.08952563055771362, 0.12143015944552786, -0.18985916078362908, -0.15575760046338463, -0.2240082485852323, -0.10218133837787464, -0.15159469443433798, -0.3642570539758505, 0.032540783870345535, -0.20733525809123507, 0.09297549181538639, 0.08801201697701645, 0.09191906217514864, -0.010478794812643542, 0.033727057305126665, 0.08330941239545338, -0.043321043915246875, -0.15679041243606406, -0.06797864567580321, -0.07384633517175833, -0.1497504706184285, -0.1954707772966177, -0.056572193548576344, 0.4056887921419061, -0.20158423574815987, 0.22717337584027633, 0.1926735749508392, 0.0026630032149580645, 0.4210469177497342, 0.09211129237274343, 0.08536849022840184, 0.150182782511756, 0.2659763358789209, 0.03289045632800873, 0.38578112581036006, 0.060699664564293744, 0.07120986119675396, 0.10009343458564998, 0.13489189854396222, 0.14403973709586912, 0.03364241098006593, -0.17616478334083802, 0.34691762437065676, 0.04107165729635139, 0.19049492354037145, -0.3938903528353879, -0.054177725634929286], [-0.3025419269226462, -0.4594963185429212, -0.04567584069068369, 1.0780297942357575, -0.3950044335017103, 0.6010433465718952, -0.8832252399779915, -0.12515970717068634, 0.40244038761555007, -0.5930109271401494, 0.04435956314969267, -0.22370012438545256, -0.10389906950176604, -0.16829761256884074, -0.018727125104696807, -0.06423161297167496, -0.310813598632939, -0.04062030041376562, -0.684857299045787, -0.3756219872656782, -0.19369363821208116, -0.3519502007725061, -0.5545462077206829, 0.2424977762279463, -0.43658998294501095, 0.38748348831058776, -1.048361993744285, 0.35735683284371794, -0.7594727070608311, -0.8341795719463947, -0.5126904645308742, 0.24431337190194694, -0.4457336922390699, -1.1286846468927276, -0.18943234406830123, -0.22816384789230892, 0.5993008823345668, 0.6709509786706848, -0.8639497720750982, -0.017340573977343822, 1.2235304259104964, -0.14934565232526023, 0.9306903574310288, -0.13822388961598983, -0.008697491028954474, 0.09211129237274343, 1.4811414060252146, 0.20437511338363928, 1.0528510520001921, -0.14755655660766862, -0.2579744330954744, 0.8287892262844037, 1.202088558416011, 0.8814757275259781, 0.3394767293605512, 1.0314170828497116, -0.1398587609385172, -0.005625886182487813, -0.8636138461852639, 0.14416118181350107, 1.2463361848103798, -0.4103746628918989, -0.35033643228863, -0.8237483794956388], [0.13034969236673405, 0.07760059427346623, -0.19558576506363523, 0.029282074406462757, 0.03434225015042201, -0.08250181500768318, 0.015684978848752022, -0.05024746024906601, 0.24933404988418434, -0.03682244384233394, 0.2223031249439951, 0.14315331945380758, 0.0630333272364644, -0.12302944669863965, -0.0003338547677155192, 0.016846679451444708, 0.15602814077916105, 0.1435909889929202, 0.04439484802038853, 0.023409332990206044, 0.0731511951340753, -0.07314289900062144, -0.17496605556504058, -0.21109590115303412, 0.07175936896164714, -0.1530101642342637, -0.2690048852567016, 0.12007044526850892, 0.10219921276596423, -0.22323761265650752, 0.048150399378934734, -0.04246985956671627, 0.01594844878864131, -0.04643506965792278, -0.06789583624615127, -0.018037540981693464, 0.2043375494602096, -0.16902592661782465, 0.17904165193752403, 0.047039310790377965, 0.03269017953827985, -0.047042927375925254, 0.24927272476725565, -0.0824904843857483, -0.16939455784509058, 0.08536849022840184, 0.20437511338363928, 0.3554582923708398, 0.18397550455014072, -0.17167196282302977, -0.1118011923998196, 0.1719509519588062, 0.05085088275678901, 0.003822048221411261, -0.019057452523876715, 0.009580187587969712, 0.004204002617861166, 0.008127724137107092, 0.0047705952098631675, 0.00918501328740226, 0.0881920476281753, 0.10351794040911506, -0.076950547696014, 0.031357351431469414], [-0.3563729590492073, -0.26510753121215286, -0.0921286313776382, 0.8803873537359944, -0.33841483459509186, 0.5910350572508143, -0.5982900388372148, -0.04889975772085543, 0.4353480784834843, -0.5403673894885517, -0.0033683067653835, 0.041927557622844586, -0.042226816913672895, 0.0008512557498695999, -0.013693393790040202, -0.04210289996020438, -0.307908534537883, 0.00650414754541388, -0.6781907152280255, -0.33743967712852285, -0.19122864734516581, -0.33013784440777594, -0.32630184458610484, 0.1315061879040339, -0.4971711837272607, 0.41093119408043927, -0.958723414436791, 0.33538231745194536, -0.5701190615528112, -0.6254929068683711, -0.3778356264080247, 0.15580763674090928, -0.21188838316601347, -0.8452074516958582, -0.28521043968970206, -0.1392650965384584, 0.5551626467577206, 0.45365899163877726, -0.6969953464160997, -0.07575197791694653, 1.1492253874648348, -0.19381989163759542, 0.6976504877767581, 0.06675323623620652, 0.06892480001548705, 0.150182782511756, 1.0528510520001921, 0.18397550455014072, 0.9861442022376729, 0.008559100862850798, -0.2790410513716274, 0.8054487133462833, 1.0947687394216161, 0.5858374470971175, 0.3531625794371955, 0.7131120424017825, -0.027003408199869308, 0.001468143342770146, -0.6752468713414778, 0.20955497518169258, 0.7810650931627215, -0.10274025172502067, -0.34062257454129785, -0.6166571685569358], [0.012704822836871054, 0.30501826235233825, -0.23506384992007998, 0.06122975844356174, -0.30676723361222114, 0.7118553221500447, 0.2590845862068787, -0.15760583047842944, 0.09517654244713009, -0.009169774458962764, 0.10958135148413418, 0.35861133305417203, -0.10687212377516403, 0.7177301058107967, 0.08576848633238623, 0.08189391376723815, 0.10035298576903048, 0.1373289847341886, -0.1202579831129312, -0.24894595637512046, -0.5410435801762553, -0.26101811764199934, 0.14988404859419555, -0.1033829791028589, -0.7039946165184772, 0.3179572490140069, -0.03850463729994999, 0.15735684786503973, 0.020998738413034086, 0.26747545488728347, 0.28625832289466085, -0.03425660046863185, 0.3373878184908491, -0.4026905421157546, -0.2541462137584438, 0.11249976475986384, -0.3470292193861084, 0.0441877075024681, -0.5978719542926353, -0.5773713976157263, 0.8049598214432753, 0.013639745746555274, 0.27689451887974265, 0.4222787236437347, 0.4144026332741208, 0.2659763358789209, -0.14755655660766862, -0.17167196282302977, 0.008559100862850798, 0.9258112992607138, 0.04041724642827428, 0.4803994758943285, 0.14712195465325398, 0.22221677345735225, 0.1453438773076932, 0.09738899092961607, 0.3599787553005383, -0.28395479831370274, -0.35640384350459114, 0.642405371462712, 0.14379219378000982, -0.04951401871896129, -0.4042168301909099, -0.40287857515467046], [0.21752939263885077, 0.04996688098421677, 0.19929802301752925, -0.3576800167575742, 0.16398187554666407, -0.2321412625873129, -0.021710523261367968, 0.09573448399795383, -0.1345606430831063, 0.22825330537003943, -0.10793499351531663, -0.1783958379666653, -0.2031276144560005, -0.08160653059697973, 0.06235757438872043, 0.13194992210266493, -0.03994791838899804, 0.016398446166055746, 0.37046320150545337, 0.03340515375201318, 0.2909714522848687, 0.09881711706454269, -0.07237416868637614, -0.03074306210019919, 0.30160202227250266, -0.2798196558999381, 0.4061746351742783, -0.29035822122123567, 0.15020570319531965, 0.16448689939521802, -0.04151486316037972, 0.06277469714455601, -0.17769095569510926, 0.4327066441368465, 0.28808767917098094, -0.12329453163190231, -0.18614256484252112, -0.10492256970939676, 0.21304385815615906, 0.1665391012392287, -0.5289379691295717, -0.021647060799029706, -0.1376669052265414, -0.07444444210066453, -0.2057162966504439, 0.03289045632800873, -0.2579744330954744, -0.1118011923998196, -0.2790410513716274, 0.04041724642827428, 0.4421297551950476, -0.33111571070914214, -0.49512189209494084, -0.31367346880556535, -0.25378372446063746, -0.10350447719353326, -0.08091896085715682, 0.20940781480043782, 0.1721938979259159, 0.001986575617246481, -0.22091668233728556, -0.023507900492492028, 0.029323595181910966, 0.15020187585590236], [-0.24036371269960072, 0.3848422432612204, -0.35524412194084437, 0.7412468776613197, -0.5812867816322528, 1.057116213246756, -0.42736713801520376, 0.08820626731063656, 0.5364063676183248, -0.5794700111055647, 0.19255265736354213, 0.6427241961023518, -0.12581187149270187, 0.49230499384145443, -0.20626817526295987, -0.03227135671564892, 0.027096807596445657, 0.09551768986208486, -0.5915102857812727, -0.5065117605008868, -0.6255487879878059, -0.4376130246762108, -0.18025389790461194, -0.04878516252983764, -1.0821832551977597, 0.801671038871788, -1.0609263838544731, 0.6370727595413086, -0.506492483451801, -0.2560069857771425, -0.1897664403548421, 0.11421738868132479, -0.009754634870238806, -1.068230665566735, -0.6544350836073796, -0.03703013237959786, 0.4070889496473897, 0.2302280160852036, -1.0966114505214972, -0.35023735497003616, 1.9423616988788146, -0.2564725833373038, 0.8174049071543236, 0.5094765534158116, 0.2508049233349714, 0.38578112581036006, 0.8287892262844037, 0.1719509519588062, 0.8054487133462833, 0.4803994758943285, -0.33111571070914214, 1.4674350586219247, 1.1452753112601457, 0.6954871165048717, 0.7998754883952579, 0.6151782712135199, 0.4012493266450143, -0.2714305320490676, -0.6616123488676166, 0.8192590072158941, 0.6402051525712065, 0.05781014287175843, -0.8760558308432487, -0.49124773682292394], [-0.6725011274004244, -0.27265243223949065, -0.16300789886679146, 1.2093108062264935, -0.5732661735382505, 0.9369616853609993, -0.662911132776592, -0.06127604355028698, 0.41720504255137414, -0.7713431595904218, 0.03750633916155532, 0.18087414422931916, 0.09688992596339892, 0.25355456570632057, -0.14497535983026752, -0.17058411189587458, -0.34401018030202385, -0.08047785045844126, -1.053318011544121, -0.44948648996168317, -0.5007781738133835, -0.3254599181394638, -0.18156873446001745, 0.3274822711728543, -0.894586296061045, 0.817884438312365, -1.1290797536923791, 0.5563635714463909, -0.8545240772633229, -0.5887642454402133, -0.37180460067863264, 0.20032594161294376, -0.09383508276553139, -1.3133834298329252, -0.5431759274797393, -0.05235133429861985, 0.5943270614099171, 0.6683072370646854, -1.1344769796547398, -0.2811453551083782, 1.7434026114736711, -0.07243256070314222, 0.7283578361296196, 0.27506247045036175, 0.38235432097889116, 0.060699664564293744, 1.202088558416011, 0.05085088275678901, 1.0947687394216161, 0.14712195465325398, -0.49512189209494084, 1.1452753112601457, 1.608718254469943, 0.9166738774352767, 0.6680779805873676, 0.8291462256824728, 0.14878298072924873, -0.25099747482169704, -0.8121921846397967, 0.33370446835657835, 0.9612385730932376, -0.2476579057738162, -0.423295401611595, -0.7908432657023737], [-0.2936778810773187, -0.2568848125034475, -0.21743122278431662, 0.8467958927853891, -0.41147057380435914, 0.6765943503315461, -0.42067870169528643, -0.22119808682043252, 0.20588262988666506, -0.347941694807502, 0.11001399276166783, 0.033755016200411124, 0.055301001875238634, 0.21344181757470526, 0.03199253490259032, -0.07956558542077007, -0.14759270702585808, 0.020285069942683105, -0.6115090917040318, -0.28458093382783767, -0.5053483542567099, -0.22296274165744, -0.21695823940764994, 0.23587675918679535, -0.5997346176479649, 0.4719221623931203, -0.6467957124541783, 0.34797163910968404, -0.5517415678549448, -0.3874901416298757, -0.13142964595703255, 0.06612001284254124, -0.026627496040157874, -1.116744983211808, -0.27884640367199165, 0.015829989696849497, 0.1596846066210922, 0.49620775158460234, -0.8711198189401271, -0.3586151318130175, 1.1906048337597628, 0.08111051640627681, 0.6525056082591502, 0.10306462842478703, 0.26172218722637286, 0.07120986119675396, 0.8814757275259781, 0.003822048221411261, 0.5858374470971175, 0.22221677345735225, -0.31367346880556535, 0.6954871165048717, 0.9166738774352767, 0.9023720811905196, 0.2765823622903269, 0.7080260487300677, 0.10847351251952535, -0.3454853519405535, -0.6740242272692561, 0.23205307671380848, 0.926171130417105, -0.38255089960746463, -0.2665368694204833, -0.7514547890001857], [-0.2400473480566894, 0.35957132016261917, -0.056121870289000245, 0.27166137460682643, -0.32603661783284155, 0.5237987245526364, -0.3890432488663418, 0.28962650256659467, 0.21290530126479218, -0.4419336742675548, -0.021300396999080148, 0.33272543240263397, -0.14263236293637732, 0.21763187375745197, -0.4100175454896347, -0.12055196885369433, 0.0008997206802833889, -0.17327671841715, -0.3270988755409742, -0.2714639976621917, -0.3724417669999138, -0.2087767556038326, 0.06359124497047967, 0.07547447675531471, -0.6206250384640494, 0.6908533340742239, -0.5314123121532381, 0.3930172903648227, -0.3894183284758046, -0.033331172751105594, -0.26501439872867727, 0.12584831954598627, -0.16110256234063158, -0.47451050133916334, -0.3880654488893313, 0.018175992852628393, 0.3269455269232907, 0.2157852459315844, -0.615056971555131, -0.044002920015459725, 1.1153265445562672, -0.31267718355014135, 0.17312696293554844, 0.2949482030787385, 0.1829022319100528, 0.10009343458564998, 0.3394767293605512, -0.019057452523876715, 0.3531625794371955, 0.1453438773076932, -0.25378372446063746, 0.7998754883952579, 0.6680779805873676, 0.2765823622903269, 0.8103217915399261, 0.2688049372986039, 0.14878399546381704, -0.08660091612820697, -0.25559747655637566, 0.4536017124525796, 0.16457743381099899, 0.10478700858617793, -0.47889164551752006, 0.023894877819191855], [-0.19816818858682264, -0.3005034727310444, 0.01622512393194401, 0.7662529675668963, -0.3610737486650623, 0.5503845979108993, -0.7220853445039105, -0.10921025636022788, 0.2729628323686278, -0.3465654220382609, -0.02991840032201044, -0.22516402505281263, -0.1808642399975239, -0.0532311646052321, 0.02097638635048042, -0.02117267847444724, -0.3078967890905695, -0.03151579703409523, -0.415400853535407, -0.3921209731612272, -0.23925021854836553, -0.281181377568, -0.39201734775634905, 0.26640465474645614, -0.4278297135262084, 0.3942011520247939, -0.6518621196248303, 0.16928012320264532, -0.6225173691235942, -0.4950072436865068, -0.43040192734969307, 0.22532330013304147, -0.4193411170589219, -0.9012221137865689, -0.10300723053338734, -0.15124801878851207, 0.32660500841272644, 0.6093748726247354, -0.8043309560721333, -0.06444263040277211, 0.9966853303437387, -0.1485819312550245, 0.7121111870803434, -0.015389612585931496, 0.03751286346448763, 0.13489189854396222, 1.0314170828497116, 0.009580187587969712, 0.7131120424017825, 0.09738899092961607, -0.10350447719353326, 0.6151782712135199, 0.8291462256824728, 0.7080260487300677, 0.2688049372986039, 0.8951375272485287, -0.10989458146039635, -0.018535647177160552, -0.7441404116825439, 0.21097732038076472, 1.014592275550495, -0.3354037438293713, -0.3332259280250861, -0.7116504599902516], [-0.041071319139891614, 0.33360121672449167, -0.2367580497793812, 0.021307572681234486, -0.18419492589990144, 0.3400826666808224, 0.24513194601066718, -0.012449849881547763, 0.0813628224155967, -0.09244902639118703, 0.1805057225666873, 0.46221046429385104, 0.07845547514117639, 0.398727678718162, -0.04836247515859345, 0.010827099244158866, 0.1737696297194618, 0.142681340738989, -0.09647522212465373, -0.06404011187567756, -0.2819389977323764, -0.020414305721972385, 0.10985905768066545, -0.13069089867771552, -0.4231233976010968, 0.15457335328160152, -0.07992390854574107, 0.22108779572292908, 0.07519710721765831, 0.21276096662221847, 0.2391111309164199, -0.06255583641794477, 0.37523845582223553, -0.20657544736021113, -0.2552012183162236, 0.06830662804713188, -0.12650406039047898, -0.2099943197434073, -0.2241242320006764, -0.3230655725803423, 0.49940700862625476, 0.09671823471093817, 0.06488449629878142, 0.34064254042454944, 0.19793383090619374, 0.14403973709586912, -0.1398587609385172, 0.004204002617861166, -0.027003408199869308, 0.3599787553005383, -0.08091896085715682, 0.4012493266450143, 0.14878298072924873, 0.10847351251952535, 0.14878399546381704, -0.10989458146039635, 0.36717585061941804, -0.25566255594064735, 0.020932885991678217, 0.3469652671546544, -0.17919784134869962, 0.07410136541834247, -0.25486945233906927, -0.007741736810093808], [0.1491067509202704, -0.06289895733293425, 0.31362886670907736, -0.25307757053433383, 0.10472941823042063, -0.2957612575995265, -0.22012697846060972, 0.12652742447102588, -0.06685272333896647, 0.050389784592873126, -0.2202150811761502, -0.36715764938435985, -0.19918133398461627, -0.3711992022126351, -0.012334093554226667, 0.017601713863052006, -0.08763169423524278, -0.12195067621132692, 0.31061350044721825, -0.008002127269436294, 0.36338124444753034, -0.05279397395197061, -0.09252605332101746, -0.01803101283000585, 0.32419893531108, -0.23430858468503216, 0.09120907721770989, -0.21780602553975054, 0.09319209542556361, -0.06126972034071789, -0.2694787012270966, 0.11336378434567836, -0.36160667003564473, 0.5100891219409913, 0.20527207759660032, -0.17721777971444436, 0.1281419704663925, 0.0077556321275399345, 0.3078260174014746, 0.4221974606417951, -0.5131923756324668, -0.26612965459519317, -0.15047238526308757, -0.1870445945905395, -0.2311194742095819, 0.03364241098006593, -0.005625886182487813, 0.008127724137107092, 0.001468143342770146, -0.28395479831370274, 0.20940781480043782, -0.2714305320490676, -0.25099747482169704, -0.3454853519405535, -0.08660091612820697, -0.018535647177160552, -0.25566255594064735, 0.44820796785603306, 0.09333303011071667, -0.17653310267904032, -0.09772889892569195, 0.10200974851660842, 0.03046913525550601, 0.23032445926350942], [0.18791638365340677, 0.28834122339072077, 0.09675900575929813, -0.7335638517770489, 0.38699308974335433, -0.7152079200277011, 0.45390705415849625, 0.22510807097341598, -0.24724627937570778, 0.30387292996853643, 0.017170976322905793, 0.14111377947726278, 0.12100128615069222, -0.18453044105397026, -0.10791786144276562, 0.03093203987322413, 0.21509862300334653, 0.033569495798412265, 0.5032340848666115, 0.3919904144480504, 0.4179565957829629, 0.4184462090739396, 0.2395251617058866, -0.17597402128014125, 0.5769647755930232, -0.45093624611733235, 0.6854925254285373, -0.2167262255753009, 0.5079453213569115, 0.4165892941603322, 0.23793866435972377, -0.1385061306593548, 0.20653139424390735, 0.9054412968553764, 0.2419913739054684, 0.06839931502550527, -0.1890439872356712, -0.5791279093911461, 0.8553731516150709, 0.24436920452262229, -1.113647540926972, 0.12421806414740102, -0.7278488735677086, -0.048522035986617286, -0.2260647307949241, -0.17616478334083802, -0.8636138461852639, 0.0047705952098631675, -0.6752468713414778, -0.35640384350459114, 0.1721938979259159, -0.6616123488676166, -0.8121921846397967, -0.6740242272692561, -0.25559747655637566, -0.7441404116825439, 0.020932885991678217, 0.09333303011071667, 0.8222146635259939, -0.3283692481372563, -0.9987420912460886, 0.2863518701794127, 0.3692746813095201, 0.8179368164373094], [0.05841325559801476, 0.5209685734242999, -0.22460112272013397, 0.08611812688563061, -0.3493243058915698, 0.7053138283625534, -0.0634521636639466, 0.09512770986898561, 0.2598487790682963, -0.2592362877346176, 0.15996277796091765, 0.48536317577527244, -0.23817154006145672, 0.5167992826971092, -0.1480147791831243, 0.08284798407940759, 0.1692872097403453, 0.1240820776595982, -0.1055666576991804, -0.29634128911727864, -0.42418829589872403, -0.3037169690285913, -0.03416078561719579, -0.1941298469828057, -0.7717661397484263, 0.4011947543655412, -0.35394789929545467, 0.3466337924914184, -0.08235016631551817, 0.13952317330393024, 0.07625528931620866, 0.06266550029907275, 0.13514175223200248, -0.4259605665345941, -0.3076132580166107, -0.019644058173494842, -0.03195888636202857, -0.046425933495735365, -0.6249292059573791, -0.36264532237264363, 1.0594293858755213, -0.2006344304000898, 0.3988437016783213, 0.396213936879782, 0.19894128933647817, 0.34691762437065676, 0.14416118181350107, 0.00918501328740226, 0.20955497518169258, 0.642405371462712, 0.001986575617246481, 0.8192590072158941, 0.33370446835657835, 0.23205307671380848, 0.4536017124525796, 0.21097732038076472, 0.3469652671546544, -0.17653310267904032, -0.3283692481372563, 0.7652837471262088, 0.11544055114054202, 0.07286352063916325, -0.6227029753274697, -0.16000612193094976], [-0.20544024708318612, -0.6388720427066259, -0.09136271477138337, 1.0511839861640366, -0.36659802212502723, 0.638997069250772, -0.6186448940464438, -0.41623587798195816, 0.2724384603934438, -0.1766838489959925, 0.020599743415541442, -0.4229076267899558, -0.025113424379825798, 0.0359665583786441, 0.21168988554268645, -0.10881778166858788, -0.2959414121860139, -0.08097127484945942, -0.5736552282540087, -0.5010238349186573, -0.43180752940979555, -0.41950332128274936, -0.3998225890852122, 0.3929971571512372, -0.3768124867085603, 0.5042395396649757, -0.7905374138599484, 0.12408204048150401, -0.7466738027524086, -0.7033295969651677, -0.38484192007005713, 0.19751480026096407, -0.5503590621028279, -1.2173575152234557, -0.249511886979583, -0.06543395994832986, 0.3299543666819991, 0.9480892991795798, -0.9710679838656948, -0.14169199514068012, 1.1392363465538518, 0.0032639488066094234, 1.0139101415648122, -0.13187170276801202, 0.18782137743956911, 0.04107165729635139, 1.2463361848103798, 0.0881920476281753, 0.7810650931627215, 0.14379219378000982, -0.22091668233728556, 0.6402051525712065, 0.9612385730932376, 0.926171130417105, 0.16457743381099899, 1.014592275550495, -0.17919784134869962, -0.09772889892569195, -0.9987420912460886, 0.11544055114054202, 1.6650859190742622, -0.5593996217032836, -0.2915396857633334, -1.1743678081524036], [0.11899000843354779, 0.3723157167399805, -0.027059100499957987, -0.3701317397551517, 0.0940786752096163, -0.1382295478122233, 0.15895589235210777, 0.1973082903398927, 0.07421961351302607, 0.10604878308563884, -0.05145973816661843, 0.3246845302663389, -0.04863741912790888, -0.09418890200975179, -0.034672774467518964, 0.023700840026895875, 0.10233223920633536, 0.050640714100751126, 0.22479246291637422, 0.05748601754957564, 0.10471791599353508, 0.0028456486672690014, 0.13944328471354508, -0.22329500847661513, 0.012509818035409114, -0.02035749848009171, -0.002389627763380916, 0.008319774215958226, 0.2733232810322304, 0.21836789293120126, 0.028484197900359276, -0.11867791963083385, 0.10543414622002739, 0.46415801304710885, -0.12128675808258076, 0.058830773593880246, 0.03758513596314567, -0.4061168848108142, 0.2773973894882111, 0.18344208034701456, -0.11608912340870961, -0.21322322936682006, -0.21815500118409598, 0.16532446843562287, -0.1493457388767703, 0.19049492354037145, -0.4103746628918989, 0.10351794040911506, -0.10274025172502067, -0.04951401871896129, -0.023507900492492028, 0.05781014287175843, -0.2476579057738162, -0.38255089960746463, 0.10478700858617793, -0.3354037438293713, 0.07410136541834247, 0.10200974851660842, 0.2863518701794127, 0.07286352063916325, -0.5593996217032836, 0.5487807309485743, -0.1306268805570192, 0.450067572627683], [-0.040208757408400075, -0.41005446888778, 0.1535948864362815, -0.18569345623511935, 0.37990516600753294, -0.620424529901785, 0.26612428872998417, -0.08711653054524758, -0.27860550169845866, 0.20773852484394392, -0.0525276324904755, -0.3291829942217911, 0.2139092228312886, -0.27180509602935804, 0.11961361450293789, 9.543023765856516e-05, -0.0855647545472745, -0.02991709683991316, 0.05846031572345598, 0.3758888463691022, 0.37646004968283353, 0.3379344086235729, 0.11198426415603886, 0.09854896607590141, 0.6223390068562387, -0.43390210521422906, 0.5201359891574561, -0.2602417317255463, 0.17963208213561738, 0.0010370323423119004, 0.164459633946062, -0.09645603435258321, 0.09320779797018414, 0.419429113327454, 0.3792805773497548, 0.08139154160413697, -0.11417374683830511, -0.036746889819240944, 0.6153496447810684, 0.10911294262816634, -1.099097751946365, 0.2811135729926996, -0.4643775322945978, -0.35834809201939133, -0.06308170582086209, -0.3938903528353879, -0.35033643228863, -0.076950547696014, -0.34062257454129785, -0.4042168301909099, 0.029323595181910966, -0.8760558308432487, -0.423295401611595, -0.2665368694204833, -0.47889164551752006, -0.3332259280250861, -0.25486945233906927, 0.03046913525550601, 0.3692746813095201, -0.6227029753274697, -0.2915396857633334, -0.1306268805570192, 0.7228864271034543, 0.2040037687513866], [0.28149639062773946, 0.5578743261140489, 0.16667931696110405, -0.9221495213695107, 0.29947174274438143, -0.6640382306391465, 0.23627253950586408, 0.44747297389659835, -0.1920237980992227, 0.10574918292318253, -0.008578601790975778, 0.18944486835988267, -0.09666720777637187, -0.296242159841772, -0.3215892208798791, 0.0383520994004012, 0.304919456052299, -0.01583002126095244, 0.6309850307536957, 0.36460030216501604, 0.45858305589023013, 0.29690990298209086, 0.20991289080680006, -0.3076456060232725, 0.40043870108667023, -0.4068913376047341, 0.5581985384113036, -0.05685032161370754, 0.5438084056867631, 0.46057293185102494, 0.11643478300421664, -0.07487304875026075, 0.11281344301015081, 1.0381353978171368, 0.2461554869454193, 0.008101757684627113, -0.054440757980940724, -0.677928757652499, 0.8635209051364965, 0.37212312458283914, -1.0025378200594373, -0.19593055517632316, -0.7799117428662916, -0.04437553978051852, -0.28869984614878275, -0.054177725634929286, -0.8237483794956388, 0.031357351431469414, -0.6166571685569358, -0.40287857515467046, 0.15020187585590236, -0.49124773682292394, -0.7908432657023737, -0.7514547890001857, 0.023894877819191855, -0.7116504599902516, -0.007741736810093808, 0.23032445926350942, 0.8179368164373094, -0.16000612193094976, -1.1743678081524036, 0.450067572627683, 0.2040037687513866, 1.125266773018157]]"
kl4792,0,"[ 0.79588544 -2.5328736  -1.8067422  -0.518729   -0.08348721 -0.8556501
  5.421637   -2.629106   -1.3641315   1.0237292   0.22262305 -1.6383512
  2.7340717   1.7293638   2.1144185  -1.1521543   1.4933245   0.5376918
  1.5021789  -0.38573477 -1.882203   -0.93771297  2.1018581  -0.20599902
 -0.4186033  -0.92467165  2.4128842  -1.1303234   3.2147896   2.204557
  2.8326838  -1.4581668   2.7889626   0.84792167 -0.22841156 -1.1228052
 -2.2307782  -0.44232595  2.6087399  -2.6667945  -3.740107    2.707391
 -1.2032113  -0.97634315  2.3935218  -0.40118372 -3.2778835  -0.45122725
 -3.0707293  -0.20777512 -2.1746151  -3.5776281  -3.1992874  -0.31839073
 -3.0238523  -2.35141     0.38940015 -0.54470533  0.9048845  -1.6429971
 -0.641634   -1.270375    2.4781861  -0.40128005]","[-1.2239097e+00 -2.0059273e+00 -2.2583678e+00  8.4627271e-01
 -5.3769225e-01 -4.9513668e-01  4.3244891e+00 -1.0137756e+00
 -3.5821030e-01 -1.3819824e+00 -2.2294146e-01  3.0534178e-01
  3.5473657e+00  8.5908031e-01  5.0766909e-01 -2.1134586e+00
  9.7236669e-01 -1.8486291e-01 -1.0736039e+00 -3.5716608e-01
 -2.0258315e+00 -1.0695599e+00  2.5201905e+00 -9.8349914e-02
 -1.3071070e+00  8.2645988e-01 -8.2363909e-01  6.4491647e-01
  2.1300309e+00  1.1848464e+00  1.4333296e+00 -1.6486477e+00
  3.2336066e+00  6.2926006e-01 -2.1458180e+00 -1.2016597e+00
  3.8248479e-01 -1.0636549e+00  2.3225737e+00 -1.6561953e+00
 -7.5728774e-01  1.6122088e+00 -1.7560596e+00 -3.0500013e-01
  2.2334225e+00 -2.1971075e-01 -1.8756257e+00  6.4902908e-01
 -5.7240641e-01 -2.2740767e+00 -4.2324314e+00 -1.2701421e+00
  2.6775002e-03 -3.2970712e-01 -3.5463938e-01 -2.7105513e+00
  6.9548672e-01 -5.2831769e-01  1.3696848e+00 -1.8102506e+00
 -2.2295556e+00  7.3828810e-01  1.7954267e+00  1.1650534e+00]",11.373065,"[0.7958853840827942, -2.5328736305236816, -1.8067421913146973, -0.518729031085968, -0.08348721265792847, -0.8556501269340515, 5.421637058258057, -2.629106044769287, -1.3641314506530762, 1.0237292051315308, 0.2226230651140213, -1.6383512020111084, 2.734071731567383, 1.7293637990951538, 2.1144185066223145, -1.1521543264389038, 1.4933245182037354, 0.5376917719841003, 1.5021789073944092, -0.38573479652404785, -1.8822029829025269, -0.9377129673957825, 2.101858139038086, -0.20599901676177979, -0.4186032712459564, -0.9246715903282166, 2.41288423538208, -1.1303235292434692, 3.214789628982544, 2.204556941986084, 2.832683801651001, -1.4581668376922607, 2.7889626026153564, 0.8479216694831848, -0.22841157019138336, -1.1228052377700806, -2.230778455734253, -0.4423259496688843, 2.6087398529052734, -2.666794538497925, -3.7401070594787598, 2.7073910236358643, -1.2032113075256348, -0.9763431549072266, 2.393521785736084, -0.40118372440338135, -3.277883529663086, -0.45122721791267395, -3.0707294940948486, -0.20777523517608643, -2.1746151447296143, -3.5776281356811523, -3.1992874145507812, -0.31839072704315186, -3.0238523483276367, -2.351409912109375, 0.3894001245498657, -0.5447052717208862, 0.9048845171928406, -1.642997145652771, -0.6416339874267578, -1.27037513256073, 2.4781861305236816, -0.401280015707016]","[[0.5471090012341212, 0.28333071623285294, 0.04303057884089084, -0.5510560340060435, 0.15390952627571297, -0.24490356462431992, 0.18593090600718246, -0.037132717222673556, -0.04282254630243017, 0.265435493429535, 0.12244665576301884, -0.0413617749629944, -0.23297833817549296, -0.14787803940202407, 0.08556692977172052, 0.15886105145472512, 0.3053763463433615, 0.16733212994187815, 0.5984985243108627, 0.12011818885225309, 0.21874307830890807, -0.05344529921961328, -0.1310252473099792, -0.3414730968148511, 0.19507219161047165, -0.45411713502024975, 0.29679547500868053, -0.10501811252678817, 0.4469565462546696, 0.1699762342509982, 0.19162540686684257, -0.047207956942676335, -0.026035986781761316, 0.5223788777686965, 0.23718419619756245, -0.040900554567817105, -0.21422588576356127, -0.3698527977428166, 0.4076884331702516, 0.10925470096102788, -0.5846490676263046, -0.12411063086835739, -0.022178043706141373, -0.134564375960302, -0.24007136135229315, 0.15427830496738051, -0.3025419269226462, 0.13034969236673405, -0.3563729590492073, 0.012704822836871054, 0.21752939263885077, -0.24036371269960072, -0.6725011274004244, -0.2936778810773187, -0.2400473480566894, -0.19816818858682264, -0.041071319139891614, 0.1491067509202704, 0.18791638365340677, 0.05841325559801476, -0.20544024708318612, 0.11899000843354779, -0.040208757408400075, 0.28149639062773946], [0.28333071623285294, 0.8737171583989514, -0.11805496921450549, -0.5396529656326696, -0.1105448127672185, 0.14403797905253413, 0.18425882983822137, 0.2888161593271202, 0.12695250530795998, -0.05673974964770554, 0.19631368840997088, 0.588307058052447, -0.21100849345827286, 0.27131414936666176, -0.3053009773422671, 0.0902651336942324, 0.39299778418068326, 0.15821690687020185, 0.3967720167133976, -0.009848499351488243, -0.11434388062702504, -0.04414004500316973, 0.10593875669178639, -0.3822374392381814, -0.3787883072249935, 0.043494311669191085, 0.1026180338281431, 0.23741995530151697, 0.3381711738078864, 0.4332802489844846, 0.21092762866900552, -0.025623125079205836, 0.2334620953770255, 0.3050844220290055, -0.12136050168066566, 0.04779202868540592, -0.10971297127863414, -0.5272979779163107, 0.07155674653768986, -0.10954638239540138, 0.2378356496962747, -0.2495068759895622, -0.15022009227209346, 0.3695475031175988, -0.02366265066978549, 0.272984144858846, -0.4594963185429212, 0.07760059427346623, -0.26510753121215286, 0.30501826235233825, 0.04996688098421677, 0.3848422432612204, -0.27265243223949065, -0.2568848125034475, 0.35957132016261917, -0.3005034727310444, 0.33360121672449167, -0.06289895733293425, 0.28834122339072077, 0.5209685734242999, -0.6388720427066259, 0.3723157167399805, -0.41005446888778, 0.5578743261140489], [0.04303057884089084, -0.11805496921450549, 0.4735019357974691, -0.1898037844173389, 0.0614232433250995, -0.23509917952436812, -0.25766395817470367, 0.09507877256833865, -0.2460346926620784, 0.0040113595746870115, -0.27951592906652034, -0.4417666011389798, -0.20768171309498587, -0.333250347350118, -0.035124937470552293, -0.0010805445708993537, -0.16886275912392182, -0.17194095125029116, 0.19046819229011083, 0.028904512921094593, 0.32004657638181316, 0.05451576706678804, -0.03852925786079613, 0.14743518297898117, 0.21361840052277298, -0.15493340160173716, 0.25806093152570947, -0.21539579202339684, -0.023885922463090962, 0.05095938109634346, -0.22467929386302754, 0.16718420978012358, -0.292830508368937, 0.44348026577528477, 0.2736292196188017, -0.12688904335875234, -0.008844544894848637, 0.11142524548232055, 0.15806900729593976, 0.3296748881493286, -0.5176744738218345, -0.1411666797537216, -0.28895578391261884, -0.14148171907096285, -0.09741131882498572, -0.06140101484849504, -0.04567584069068369, -0.19558576506363523, -0.0921286313776382, -0.23506384992007998, 0.19929802301752925, -0.35524412194084437, -0.16300789886679146, -0.21743122278431662, -0.056121870289000245, 0.01622512393194401, -0.2367580497793812, 0.31362886670907736, 0.09675900575929813, -0.22460112272013397, -0.09136271477138337, -0.027059100499957987, 0.1535948864362815, 0.16667931696110405], [-0.5510560340060435, -0.5396529656326696, -0.1898037844173389, 1.2146076693059928, -0.2877947260458207, 0.6780095183044279, -0.46475982136601673, -0.16462323493759218, 0.33409246204341386, -0.43808633527800644, 0.005026475350016529, 0.04018008727016906, 0.1659684602896116, 0.2122850660317498, 0.10529563237886924, -0.08414485486402995, -0.39186114202766054, -0.016813743151841167, -0.9378436275582949, -0.3180931955188563, -0.38381251186472265, -0.19371022624519688, -0.22465329650506088, 0.36154080163608615, -0.47168863232009395, 0.6141719641151111, -0.8928236688936608, 0.3083941818466559, -0.7624933382049495, -0.6427303522203515, -0.292191119073765, 0.07094959639995911, -0.16916613699153157, -1.217766021894998, -0.3483661054947179, -0.04133172574365284, 0.44289646154963186, 0.6968297538348719, -0.9552425496556064, -0.2647071623036914, 1.3116698136257858, 0.14396625154075884, 0.7351404644846757, 0.06806464083004052, 0.23379208398635212, -0.07787543441811523, 1.0780297942357575, 0.029282074406462757, 0.8803873537359944, 0.06122975844356174, -0.3576800167575742, 0.7412468776613197, 1.2093108062264935, 0.8467958927853891, 0.27166137460682643, 0.7662529675668963, 0.021307572681234486, -0.25307757053433383, -0.7335638517770489, 0.08611812688563061, 1.0511839861640366, -0.3701317397551517, -0.18569345623511935, -0.9221495213695107], [0.15390952627571297, -0.1105448127672185, 0.0614232433250995, -0.2877947260458207, 0.5078389076309581, -0.5324903001456375, 0.25893263308419695, 0.08798482283017608, -0.09025223804369578, 0.2984981159517166, -0.03362135714544622, -0.0366891233473398, 0.033670014674438906, -0.1954216563429888, 0.10307419222728402, 0.11072737227773385, -0.008488713367686146, 0.04018109553405445, 0.22555990619733046, 0.3298039819239779, 0.41539587853777155, 0.2609320424916232, 0.03390238680490733, -0.09454588532378508, 0.6224383446625836, -0.3533027271303884, 0.35928594992870805, -0.2529402812765626, 0.22888741656255007, 0.016754512878161352, 0.10781139017093239, -0.15494410479685053, -0.07747443171525412, 0.4967918896784065, 0.29092560335034606, 0.04564104144367284, -0.03271712762254969, -0.18228559864992616, 0.5539637686592211, 0.20549652234280164, -0.836924125385364, 0.11294906856118936, -0.27422060693929406, -0.2669079930417837, -0.2796718812560343, -0.2476654174066347, -0.3950044335017103, 0.03434225015042201, -0.33841483459509186, -0.30676723361222114, 0.16398187554666407, -0.5812867816322528, -0.5732661735382505, -0.41147057380435914, -0.32603661783284155, -0.3610737486650623, -0.18419492589990144, 0.10472941823042063, 0.38699308974335433, -0.3493243058915698, -0.36659802212502723, 0.0940786752096163, 0.37990516600753294, 0.29947174274438143], [-0.24490356462431992, 0.14403797905253413, -0.23509917952436812, 0.6780095183044279, -0.5324903001456375, 1.0891621837905934, -0.22485273927681884, -0.08918298016669406, 0.30181132363571195, -0.455229774484242, 0.09080942571825652, 0.38730692195046, -0.13977300414256486, 0.6161363649643564, -0.005055164604760799, 0.007222761043725028, -0.04303185858791888, 0.06849713079328835, -0.5930847964193611, -0.4095709173406644, -0.6409293079394264, -0.43059442553308386, -0.04300147091455602, 0.01999276842632886, -1.05636841339297, 0.6628489484467233, -0.7242917317489457, 0.49129741029446894, -0.3997351828339625, -0.1344837375065905, -0.008122941549463795, 0.05435606883632776, 0.13159975172521637, -0.9507928945421015, -0.48153348456710554, 0.006511839328272564, 0.08015595410458337, 0.3330609601821124, -1.1154473601005492, -0.5102149745666806, 1.594360560108747, -0.103130901094194, 0.6502933859599017, 0.4258440348490514, 0.4593405803918438, 0.2890364757192078, 0.6010433465718952, -0.08250181500768318, 0.5910350572508143, 0.7118553221500447, -0.2321412625873129, 1.057116213246756, 0.9369616853609993, 0.6765943503315461, 0.5237987245526364, 0.5503845979108993, 0.3400826666808224, -0.2957612575995265, -0.7152079200277011, 0.7053138283625534, 0.638997069250772, -0.1382295478122233, -0.620424529901785, -0.6640382306391465], [0.18593090600718246, 0.18425882983822137, -0.25766395817470367, -0.46475982136601673, 0.25893263308419695, -0.22485273927681884, 0.9683110142312505, -0.1917290864528735, -0.15831666222851867, 0.381430225093729, 0.20955901657773, 0.3498154265130191, 0.2859562721601532, 0.3626331303671158, 0.195682269301721, 0.060470985400463355, 0.33761188545864146, 0.1938013699331622, 0.2194813088257738, 0.30281753691122976, -0.051599982939851075, 0.17618546795668621, 0.3588504561283884, -0.283842051680691, 0.17138766594848878, -0.31171469611740293, 0.5159241602215017, -0.0946782931467472, 0.5806456968511553, 0.4252480921735966, 0.6405720256743536, -0.2914201384888549, 0.6265831144028435, 0.4555497324705209, -0.0253787129403348, 0.22452981683055756, -0.4516363044893194, -0.489787339729185, 0.5085613555224268, -0.3138451402637657, -0.6082964483570121, 0.35269936042553185, -0.3644053159400388, 0.09731240031201309, 0.16457363804406147, -0.0912829003027697, -0.8832252399779915, 0.015684978848752022, -0.5982900388372148, 0.2590845862068787, -0.021710523261367968, -0.42736713801520376, -0.662911132776592, -0.42067870169528643, -0.3890432488663418, -0.7220853445039105, 0.24513194601066718, -0.22012697846060972, 0.45390705415849625, -0.0634521636639466, -0.6186448940464438, 0.15895589235210777, 0.26612428872998417, 0.23627253950586408], [-0.037132717222673556, 0.2888161593271202, 0.09507877256833865, -0.16462323493759218, 0.08798482283017608, -0.08918298016669406, -0.1917290864528735, 0.4480979257424627, 0.04113945649313296, -0.12727687375652957, -0.1118353197077855, 0.2045258322756248, -0.16136295507547907, -0.031234626656278852, -0.2755247493124643, 0.03618004562560794, -0.010377724186165303, -0.08001185460947176, 0.07086471964352759, 0.04136954833821811, 0.1403466378890831, 0.08712933091539674, 0.054182489974135335, -0.0345016097949085, 0.03287276473226274, 0.14347798312122084, -0.0015031560185030694, 0.08294171978188, -0.031560531156876896, 0.08474221829183025, -0.18317642098112294, 0.01941105457544136, -0.17096843811985812, 0.22727709588305647, 0.03511489202792941, -0.05308087825991382, 0.18087081723238818, -0.12049663930011108, 0.030068374580512456, 0.20290948420078098, 0.05227204691712046, -0.21092108061070078, -0.22259028970969222, 0.05763424408829685, -0.15320989616386285, -0.033048522581491345, -0.12515970717068634, -0.05024746024906601, -0.04889975772085543, -0.15760583047842944, 0.09573448399795383, 0.08820626731063656, -0.06127604355028698, -0.22119808682043252, 0.28962650256659467, -0.10921025636022788, -0.012449849881547763, 0.12652742447102588, 0.22510807097341598, 0.09512770986898561, -0.41623587798195816, 0.1973082903398927, -0.08711653054524758, 0.44747297389659835], [-0.04282254630243017, 0.12695250530795998, -0.2460346926620784, 0.33409246204341386, -0.09025223804369578, 0.30181132363571195, -0.15831666222851867, 0.04113945649313296, 0.44541753553048224, -0.2011412848399273, 0.2038275431478256, 0.3215119609394776, -0.03640711157598471, 0.13427582052811743, -0.034805573941981194, 0.06549318496104983, -0.0011894795804459222, 0.17716712191863795, -0.18481161117131695, -0.15225674211549384, -0.09141988729247037, -0.16784499165088293, -0.17489169850472316, -0.13617424045098508, -0.2621057019436536, 0.18195515355672798, -0.4974145014026252, 0.24260947053511905, -0.14563838114819408, -0.29337737607067377, -0.06303378170500114, -0.011433668949010878, -0.08367225001242992, -0.41116860046096504, -0.17795556592410494, -0.019696031962693386, 0.33597749225463996, 0.04572482598295326, -0.27647191545242306, -0.10067535938882229, 0.6313891620834083, -0.11837677436863761, 0.45803773574361734, 0.1116804760018919, -0.05593514234095138, 0.1072270309938919, 0.40244038761555007, 0.24933404988418434, 0.4353480784834843, 0.09517654244713009, -0.1345606430831063, 0.5364063676183248, 0.41720504255137414, 0.20588262988666506, 0.21290530126479218, 0.2729628323686278, 0.0813628224155967, -0.06685272333896647, -0.24724627937570778, 0.2598487790682963, 0.2724384603934438, 0.07421961351302607, -0.27860550169845866, -0.1920237980992227], [0.265435493429535, -0.05673974964770554, 0.0040113595746870115, -0.43808633527800644, 0.2984981159517166, -0.455229774484242, 0.381430225093729, -0.12727687375652957, -0.2011412848399273, 0.650010267135392, -0.06911547021623628, -0.1415638770625358, 0.08870506967304055, -0.07743214057069923, 0.2501422084717575, 0.02078044587050206, 0.05700946400399928, 0.01604437664854271, 0.466591119171483, 0.12346687391503369, 0.11462711668531211, 0.16501512777587293, 0.1448920820069125, 0.009114761232334845, 0.545363899063276, -0.27161161759559876, 0.5540325371858904, -0.4296999658653326, 0.31474693316565366, 0.24626674003221102, 0.14138668768031892, -0.15665762630802663, -0.05687232005468763, 0.4802061961233644, 0.14556585357900884, 0.1323148836660825, -0.33487122617777115, -0.14245743864586738, 0.4464549363011327, 0.13896033617272585, -0.7589775785226193, 0.15638042659312829, -0.2345298721112157, -0.08343998245186066, -0.15165727643523297, -0.03881369530771366, -0.5930109271401494, -0.03682244384233394, -0.5403673894885517, -0.009169774458962764, 0.22825330537003943, -0.5794700111055647, -0.7713431595904218, -0.347941694807502, -0.4419336742675548, -0.3465654220382609, -0.09244902639118703, 0.050389784592873126, 0.30387292996853643, -0.2592362877346176, -0.1766838489959925, 0.10604878308563884, 0.20773852484394392, 0.10574918292318253], [0.12244665576301884, 0.19631368840997088, -0.27951592906652034, 0.005026475350016529, -0.03362135714544622, 0.09080942571825652, 0.20955901657773, -0.1118353197077855, 0.2038275431478256, -0.06911547021623628, 0.395787121621969, 0.29088239471366406, 0.08182889190435697, 0.1524035145219926, -0.01859200923479561, 0.06256866628324825, 0.26023406909671215, 0.24909252223236833, 0.027617117070102816, 0.055745382498917584, -0.057676459117814056, -0.003679101816547695, -0.08919064362469706, -0.234656641915616, -0.15749879958935017, -0.12714534274070438, -0.07572309235322573, 0.21692214404728083, 0.13464979968934043, -0.029612320877622975, 0.2857378976737278, -0.053639710206962773, 0.2418002081827442, -0.19788073740682696, -0.051235840227843166, 0.05331100259636237, 0.013103837422376287, -0.20846786876798554, 0.03855111948165065, -0.23439838914281383, 0.1063119515244579, 0.12980151817808627, 0.21853820523828676, 0.040512169281322195, 0.015874358170886067, 0.01651926062136478, 0.04435956314969267, 0.2223031249439951, -0.0033683067653835, 0.10958135148413418, -0.10793499351531663, 0.19255265736354213, 0.03750633916155532, 0.11001399276166783, -0.021300396999080148, -0.02991840032201044, 0.1805057225666873, -0.2202150811761502, 0.017170976322905793, 0.15996277796091765, 0.020599743415541442, -0.05145973816661843, -0.0525276324904755, -0.008578601790975778], [-0.0413617749629944, 0.588307058052447, -0.4417666011389798, 0.04018008727016906, -0.0366891233473398, 0.38730692195046, 0.3498154265130191, 0.2045258322756248, 0.3215119609394776, -0.1415638770625358, 0.29088239471366406, 1.016318816983836, 0.043510759013898045, 0.5388382564415968, -0.12481592846073958, 0.10780193118711319, 0.22810571036188115, 0.28803132127741576, -0.20901082793372508, 0.018313255378782003, -0.27212450932971377, 0.04017625134762817, 0.12841414675672397, -0.308298295291513, -0.4960220698437162, 0.2749993157775749, -0.27060666796541816, 0.418188578749494, 0.10879736957466986, 0.1753332340018526, 0.28767437313392913, -0.22061312919290435, 0.4379045383453409, -0.2279944867767517, -0.3699748833788552, 0.1781443717552415, 0.057037392366187635, -0.42784729422995893, -0.2519882988659312, -0.36918036408935545, 0.7828986563867608, 0.031785567979712465, 0.12383512230642679, 0.4545519661353467, 0.1076343925975933, 0.1297711575594632, -0.22370012438545256, 0.14315331945380758, 0.041927557622844586, 0.35861133305417203, -0.1783958379666653, 0.6427241961023518, 0.18087414422931916, 0.033755016200411124, 0.33272543240263397, -0.22516402505281263, 0.46221046429385104, -0.36715764938435985, 0.14111377947726278, 0.48536317577527244, -0.4229076267899558, 0.3246845302663389, -0.3291829942217911, 0.18944486835988267], [-0.23297833817549296, -0.21100849345827286, -0.20768171309498587, 0.1659684602896116, 0.033670014674438906, -0.13977300414256486, 0.2859562721601532, -0.16136295507547907, -0.03640711157598471, 0.08870506967304055, 0.08182889190435697, 0.043510759013898045, 0.42657991701116477, 0.07958204679628171, 0.06225614041033138, -0.13610053814574666, 0.0029074688853481427, -0.01670966608550814, -0.208018582301938, 0.07594392529373656, -0.13248585353958411, 0.15229875080765082, 0.16935005703470155, 0.11480032268025087, 0.16189806748658683, 0.038616373780047245, 0.02499576015222516, -0.0386459534413289, -0.010397518780690418, -0.0201424078672489, 0.14716290020321213, -0.09602906408114857, 0.2689971155230727, -0.17707411700073175, -0.15172406875193842, 0.11927580531030822, -0.026724162277594294, 0.0061713211908957415, 0.15177592703615295, -0.1258154150516383, -0.07153969288113815, 0.3084013476312362, -0.10098022045316686, 0.01475072316511741, 0.11588589895078498, -0.16087161494408778, -0.10389906950176604, 0.0630333272364644, -0.042226816913672895, -0.10687212377516403, -0.2031276144560005, -0.12581187149270187, 0.09688992596339892, 0.055301001875238634, -0.14263236293637732, -0.1808642399975239, 0.07845547514117639, -0.19918133398461627, 0.12100128615069222, -0.23817154006145672, -0.025113424379825798, -0.04863741912790888, 0.2139092228312886, -0.09666720777637187], [-0.14787803940202407, 0.27131414936666176, -0.333250347350118, 0.2122850660317498, -0.1954216563429888, 0.6161363649643564, 0.3626331303671158, -0.031234626656278852, 0.13427582052811743, -0.07743214057069923, 0.1524035145219926, 0.5388382564415968, 0.07958204679628171, 0.8355155708667759, -0.0234323314776783, 0.043436139996966515, 0.12343618706147136, 0.11983779986079568, -0.30874196669089166, -0.15694293944786772, -0.5463888889471914, -0.13171888604627724, 0.24276608965872296, -0.058052248382054514, -0.5891888008535354, 0.42507097023956625, -0.0997912467722675, 0.2551576888392363, -0.036705260225983215, 0.1855642354396034, 0.3177935112576425, -0.10456073996973643, 0.36956223202944827, -0.4679172701979361, -0.3235420347655499, 0.15296796090079576, -0.19175942224180217, 0.04858112573408832, -0.5441182808069346, -0.5983612269122882, 0.8494999648604658, 0.14924757925042867, 0.1737640394608661, 0.41637177110658813, 0.438582897977394, 0.03871464517780227, -0.16829761256884074, -0.12302944669863965, 0.0008512557498695999, 0.7177301058107967, -0.08160653059697973, 0.49230499384145443, 0.25355456570632057, 0.21344181757470526, 0.21763187375745197, -0.0532311646052321, 0.398727678718162, -0.3711992022126351, -0.18453044105397026, 0.5167992826971092, 0.0359665583786441, -0.09418890200975179, -0.27180509602935804, -0.296242159841772], [0.08556692977172052, -0.3053009773422671, -0.035124937470552293, 0.10529563237886924, 0.10307419222728402, -0.005055164604760799, 0.195682269301721, -0.2755247493124643, -0.034805573941981194, 0.2501422084717575, -0.01859200923479561, -0.12481592846073958, 0.06225614041033138, -0.0234323314776783, 0.403267415089477, 0.07807310088337552, -0.07699403362396237, 0.12990300960905804, -0.000852711987162566, 0.030379396069856235, 0.056333418104932795, -0.02563941607025537, -0.051781963772115594, -0.012194976568810295, 0.12744011787601406, -0.20247285637731893, 0.048347558929158374, -0.16534414493299543, 0.10908933216883185, -0.06647327604669166, 0.12937333702811957, -0.12051619039890947, 0.07182547552326383, 0.019994244761112917, 0.046386342743350774, 0.015822852300175185, -0.17299363241956528, 0.004224793338360361, 0.011663577810343231, -0.05083220274516984, -0.22065930255203908, 0.17821306949264548, 0.15674679490320018, -0.0846743702523152, -0.006556053430627367, 0.044375213323221536, -0.018727125104696807, -0.0003338547677155192, -0.013693393790040202, 0.08576848633238623, 0.06235757438872043, -0.20626817526295987, -0.14497535983026752, 0.03199253490259032, -0.4100175454896347, 0.02097638635048042, -0.04836247515859345, -0.012334093554226667, -0.10791786144276562, -0.1480147791831243, 0.21168988554268645, -0.034672774467518964, 0.11961361450293789, -0.3215892208798791], [0.15886105145472512, 0.0902651336942324, -0.0010805445708993537, -0.08414485486402995, 0.11072737227773385, 0.007222761043725028, 0.060470985400463355, 0.03618004562560794, 0.06549318496104983, 0.02078044587050206, 0.06256866628324825, 0.10780193118711319, -0.13610053814574666, 0.043436139996966515, 0.07807310088337552, 0.16704112591901416, 0.03904792863725085, 0.1613600568754318, 0.10116173053686914, 0.0662413500719741, 0.13953062444959644, 0.0102562237554042, -0.09968762041714391, -0.16358753596067327, 0.012576030198329256, -0.16768229832196221, 0.06195876976488962, 0.005960811721472544, 0.12497290148934269, 0.0121935540476002, 0.10042686415732428, -0.03865686695327426, 0.023330118473549055, 0.11839689911492057, 0.14453340965336078, -0.039855815241721035, -0.048571974257766326, -0.14806136095995595, 0.0475104044452857, -0.04571659949579946, -0.12714847839792218, -0.011376755283296623, 0.06180982414400858, -0.024156422903571746, -0.10519359185712066, 0.027212451180535824, -0.06423161297167496, 0.016846679451444708, -0.04210289996020438, 0.08189391376723815, 0.13194992210266493, -0.03227135671564892, -0.17058411189587458, -0.07956558542077007, -0.12055196885369433, -0.02117267847444724, 0.010827099244158866, 0.017601713863052006, 0.03093203987322413, 0.08284798407940759, -0.10881778166858788, 0.023700840026895875, 9.543023765856516e-05, 0.0383520994004012], [0.3053763463433615, 0.39299778418068326, -0.16886275912392182, -0.39186114202766054, -0.008488713367686146, -0.04303185858791888, 0.33761188545864146, -0.010377724186165303, -0.0011894795804459222, 0.05700946400399928, 0.26023406909671215, 0.22810571036188115, 0.0029074688853481427, 0.12343618706147136, -0.07699403362396237, 0.03904792863725085, 0.44667427712313335, 0.1306690504651861, 0.31277076727117603, 0.12390517327612753, -0.07173379898325426, -0.04956011323661722, 0.06621641820238681, -0.3422709498320534, -0.0792609259461892, -0.19673763517380904, 0.13261548119554156, 0.16748021707590963, 0.399531231677435, 0.2069640240783556, 0.3415205382863799, -0.09612187749478157, 0.2871852884538355, 0.230530413287682, -0.03416119823586902, 0.05944844876603984, -0.18168821450271297, -0.40789193613491714, 0.2447706588791629, -0.11636959375485253, -0.16852240156458584, -0.003259982108359769, -0.07443976012717467, 0.02713599564069715, 0.013583243432032932, 0.08724733545562541, -0.310813598632939, 0.15602814077916105, -0.307908534537883, 0.10035298576903048, -0.03994791838899804, 0.027096807596445657, -0.34401018030202385, -0.14759270702585808, 0.0008997206802833889, -0.3078967890905695, 0.1737696297194618, -0.08763169423524278, 0.21509862300334653, 0.1692872097403453, -0.2959414121860139, 0.10233223920633536, -0.0855647545472745, 0.304919456052299], [0.16733212994187815, 0.15821690687020185, -0.17194095125029116, -0.016813743151841167, 0.04018109553405445, 0.06849713079328835, 0.1938013699331622, -0.08001185460947176, 0.17716712191863795, 0.01604437664854271, 0.24909252223236833, 0.28803132127741576, -0.01670966608550814, 0.11983779986079568, 0.12990300960905804, 0.1613600568754318, 0.1306690504651861, 0.3243705281576479, 0.07725240137341945, 0.04237385945793739, 0.06062460249433407, 0.012264895888338158, -0.12702269124788212, -0.23970581482213088, -0.1146307389543388, -0.21268119193170545, -0.016353188691983895, 0.10146726952916416, 0.1878294725641876, 0.010046667652438666, 0.24283569743571226, -0.08788942203797255, 0.21004834416569648, -0.01903942450885684, 0.0411207524971009, 0.005097142334297019, -0.04100797211035609, -0.2636866442652641, 0.05010488152964041, -0.18293450492238497, -0.012858140353975263, 0.08390030942440278, 0.17808763159703736, 0.07220094662146463, -0.06214217322146172, 0.08952563055771362, -0.04062030041376562, 0.1435909889929202, 0.00650414754541388, 0.1373289847341886, 0.016398446166055746, 0.09551768986208486, -0.08047785045844126, 0.020285069942683105, -0.17327671841715, -0.03151579703409523, 0.142681340738989, -0.12195067621132692, 0.033569495798412265, 0.1240820776595982, -0.08097127484945942, 0.050640714100751126, -0.02991709683991316, -0.01583002126095244], [0.5984985243108627, 0.3967720167133976, 0.19046819229011083, -0.9378436275582949, 0.22555990619733046, -0.5930847964193611, 0.2194813088257738, 0.07086471964352759, -0.18481161117131695, 0.466591119171483, 0.027617117070102816, -0.20901082793372508, -0.208018582301938, -0.30874196669089166, -0.000852711987162566, 0.10116173053686914, 0.31277076727117603, 0.07725240137341945, 0.9874165434231429, 0.1683257117661707, 0.3817521542089064, 0.10519390516291428, 0.0049871696525394015, -0.2904021400754103, 0.4906157034881812, -0.5966773956048761, 0.6993070914268315, -0.34439809240786273, 0.6061930009654721, 0.40540965997396783, 0.12823365272453063, -0.010146701931497524, -0.11121371301659144, 0.9416443929434444, 0.36717798160169857, -0.04867284327806912, -0.30502007941006154, -0.47805890849259564, 0.7749132187093813, 0.32826411082832085, -1.1256913675719558, -0.16269564887339044, -0.39916488444243514, -0.12330816978069344, -0.3416936668377343, 0.12143015944552786, -0.684857299045787, 0.04439484802038853, -0.6781907152280255, -0.1202579831129312, 0.37046320150545337, -0.5915102857812727, -1.053318011544121, -0.6115090917040318, -0.3270988755409742, -0.415400853535407, -0.09647522212465373, 0.31061350044721825, 0.5032340848666115, -0.1055666576991804, -0.5736552282540087, 0.22479246291637422, 0.05846031572345598, 0.6309850307536957], [0.12011818885225309, -0.009848499351488243, 0.028904512921094593, -0.3180931955188563, 0.3298039819239779, -0.4095709173406644, 0.30281753691122976, 0.04136954833821811, -0.15225674211549384, 0.12346687391503369, 0.055745382498917584, 0.018313255378782003, 0.07594392529373656, -0.15694293944786772, 0.030379396069856235, 0.0662413500719741, 0.12390517327612753, 0.04237385945793739, 0.1683257117661707, 0.41777566653334747, 0.30604850304780923, 0.2361603800303042, 0.07933502119008615, -0.17004552600005082, 0.39766321359380585, -0.4142388395367946, 0.3378316344265753, -0.05678666903060194, 0.31827065750318323, 0.07669058247110276, 0.2519213525564196, -0.1640095342369861, 0.21492518178796144, 0.4405165815981221, 0.24987357783921524, 0.07378290657652412, -0.135555648608679, -0.32063316270289266, 0.5261126913670399, 0.061573452635105226, -0.7528090690896878, 0.14294146844017674, -0.35149198217789784, -0.2117528966158666, -0.13018256778026158, -0.18985916078362908, -0.3756219872656782, 0.023409332990206044, -0.33743967712852285, -0.24894595637512046, 0.03340515375201318, -0.5065117605008868, -0.44948648996168317, -0.28458093382783767, -0.2714639976621917, -0.3921209731612272, -0.06404011187567756, -0.008002127269436294, 0.3919904144480504, -0.29634128911727864, -0.5010238349186573, 0.05748601754957564, 0.3758888463691022, 0.36460030216501604], [0.21874307830890807, -0.11434388062702504, 0.32004657638181316, -0.38381251186472265, 0.41539587853777155, -0.6409293079394264, -0.051599982939851075, 0.1403466378890831, -0.09141988729247037, 0.11462711668531211, -0.057676459117814056, -0.27212450932971377, -0.13248585353958411, -0.5463888889471914, 0.056333418104932795, 0.13953062444959644, -0.07173379898325426, 0.06062460249433407, 0.3817521542089064, 0.30604850304780923, 0.759502315791642, 0.2510928211102657, -0.17043828025045243, -0.1265293866469217, 0.6440334409332966, -0.6197736994185293, 0.34995664953607497, -0.2657345923470485, 0.2450095817748279, -0.05184346380078939, -0.06791653037896485, 0.028936525747684867, -0.2289390318193275, 0.7468356500153026, 0.46403793407391125, -0.1483065731814924, 0.11813968015337863, -0.2518503148811825, 0.6992773945469167, 0.4656255734773935, -1.130348326385781, -0.042112500698818466, -0.3021799597857884, -0.3396079822319185, -0.4280979238338105, -0.15575760046338463, -0.19369363821208116, 0.0731511951340753, -0.19122864734516581, -0.5410435801762553, 0.2909714522848687, -0.6255487879878059, -0.5007781738133835, -0.5053483542567099, -0.3724417669999138, -0.23925021854836553, -0.2819389977323764, 0.36338124444753034, 0.4179565957829629, -0.42418829589872403, -0.43180752940979555, 0.10471791599353508, 0.37646004968283353, 0.45858305589023013], [-0.05344529921961328, -0.04414004500316973, 0.05451576706678804, -0.19371022624519688, 0.2609320424916232, -0.43059442553308386, 0.17618546795668621, 0.08712933091539674, -0.16784499165088293, 0.16501512777587293, -0.003679101816547695, 0.04017625134762817, 0.15229875080765082, -0.13171888604627724, -0.02563941607025537, 0.0102562237554042, -0.04956011323661722, 0.012264895888338158, 0.10519390516291428, 0.2361603800303042, 0.2510928211102657, 0.39335497810465614, 0.08360836164062495, 0.07891359198490713, 0.4069810243324375, -0.2033171307275681, 0.4134980723976968, -0.18425580669582312, 0.08123131697041107, 0.15985804694121072, 0.06799555319772711, -0.05165125996523017, 0.08520015722413471, 0.26782789156976206, 0.19165072618952883, 0.05538452612214616, -0.08497520012006336, -0.16662902056456128, 0.38888903809925424, 0.09128382312440822, -0.59168424133884, 0.23172214503483188, -0.3722685668890184, -0.06424422763728967, -0.13590169407689826, -0.2240082485852323, -0.3519502007725061, -0.07314289900062144, -0.33013784440777594, -0.26101811764199934, 0.09881711706454269, -0.4376130246762108, -0.3254599181394638, -0.22296274165744, -0.2087767556038326, -0.281181377568, -0.020414305721972385, -0.05279397395197061, 0.4184462090739396, -0.3037169690285913, -0.41950332128274936, 0.0028456486672690014, 0.3379344086235729, 0.29690990298209086], [-0.1310252473099792, 0.10593875669178639, -0.03852925786079613, -0.22465329650506088, 0.03390238680490733, -0.04300147091455602, 0.3588504561283884, 0.054182489974135335, -0.17489169850472316, 0.1448920820069125, -0.08919064362469706, 0.12841414675672397, 0.16935005703470155, 0.24276608965872296, -0.051781963772115594, -0.09968762041714391, 0.06621641820238681, -0.12702269124788212, 0.0049871696525394015, 0.07933502119008615, -0.17043828025045243, 0.08360836164062495, 0.4165093539993588, 0.047686670861293246, -0.007508272265398321, 0.16207464076432312, 0.2785195316235623, -0.043221458411728635, 0.14728344754145514, 0.31971680955669796, 0.1704270077006239, -0.1213335769308741, 0.23185507733596822, 0.21458798736979806, -0.1373688202773801, 0.17785336941761343, -0.19653843159308046, -0.07815157910953702, 0.10078303515635373, -0.08603526463993172, -0.12420862134271111, 0.08575246974290794, -0.4081474915091908, 0.1641910859691008, 0.2397125778173914, -0.10218133837787464, -0.5545462077206829, -0.17496605556504058, -0.32630184458610484, 0.14988404859419555, -0.07237416868637614, -0.18025389790461194, -0.18156873446001745, -0.21695823940764994, 0.06359124497047967, -0.39201734775634905, 0.10985905768066545, -0.09252605332101746, 0.2395251617058866, -0.03416078561719579, -0.3998225890852122, 0.13944328471354508, 0.11198426415603886, 0.20991289080680006], [-0.3414730968148511, -0.3822374392381814, 0.14743518297898117, 0.36154080163608615, -0.09454588532378508, 0.01999276842632886, -0.283842051680691, -0.0345016097949085, -0.13617424045098508, 0.009114761232334845, -0.234656641915616, -0.308298295291513, 0.11480032268025087, -0.058052248382054514, -0.012194976568810295, -0.16358753596067327, -0.3422709498320534, -0.23970581482213088, -0.2904021400754103, -0.17004552600005082, -0.1265293866469217, 0.07891359198490713, 0.047686670861293246, 0.47484705232396723, 0.05828257938406706, 0.3381813540777469, -0.013758839284518688, -0.1633606470388886, -0.44230436167541426, -0.09299115755455266, -0.3113823967404035, 0.1313339272034058, -0.2680205780835304, -0.3250856316096328, -0.05283665041602701, 0.004623368749240163, 0.07726548161984136, 0.4918113104686572, -0.2972280044741843, 0.0745068178891949, 0.21323602485673523, 0.10675758269153687, -0.015256968376506976, -0.0005468912827197611, 0.11391912566754332, -0.15159469443433798, 0.2424977762279463, -0.21109590115303412, 0.1315061879040339, -0.1033829791028589, -0.03074306210019919, -0.04878516252983764, 0.3274822711728543, 0.23587675918679535, 0.07547447675531471, 0.26640465474645614, -0.13069089867771552, -0.01803101283000585, -0.17597402128014125, -0.1941298469828057, 0.3929971571512372, -0.22329500847661513, 0.09854896607590141, -0.3076456060232725], [0.19507219161047165, -0.3787883072249935, 0.21361840052277298, -0.47168863232009395, 0.6224383446625836, -1.05636841339297, 0.17138766594848878, 0.03287276473226274, -0.2621057019436536, 0.545363899063276, -0.15749879958935017, -0.4960220698437162, 0.16189806748658683, -0.5891888008535354, 0.12744011787601406, 0.012576030198329256, -0.0792609259461892, -0.1146307389543388, 0.4906157034881812, 0.39766321359380585, 0.6440334409332966, 0.4069810243324375, -0.007508272265398321, 0.05828257938406706, 1.225233346217649, -0.6274631436901977, 0.6405903311786916, -0.5913881035464292, 0.28320555053030255, -0.057633339406825315, -0.07548886558170162, -0.08983480360199052, -0.29159666818568947, 0.8020052862193796, 0.4947987660286871, -0.02376497176781711, -0.048475869350846044, -0.14292479886924886, 1.0024359883687763, 0.534825520075454, -1.5272404869747105, 0.16965409687674937, -0.4884833000041776, -0.5183410360581803, -0.5037051944687208, -0.3642570539758505, -0.43658998294501095, 0.07175936896164714, -0.4971711837272607, -0.7039946165184772, 0.30160202227250266, -1.0821832551977597, -0.894586296061045, -0.5997346176479649, -0.6206250384640494, -0.4278297135262084, -0.4231233976010968, 0.32419893531108, 0.5769647755930232, -0.7717661397484263, -0.3768124867085603, 0.012509818035409114, 0.6223390068562387, 0.40043870108667023], [-0.45411713502024975, 0.043494311669191085, -0.15493340160173716, 0.6141719641151111, -0.3533027271303884, 0.6628489484467233, -0.31171469611740293, 0.14347798312122084, 0.18195515355672798, -0.27161161759559876, -0.12714534274070438, 0.2749993157775749, 0.038616373780047245, 0.42507097023956625, -0.20247285637731893, -0.16768229832196221, -0.19673763517380904, -0.21268119193170545, -0.5966773956048761, -0.4142388395367946, -0.6197736994185293, -0.2033171307275681, 0.16207464076432312, 0.3381813540777469, -0.6274631436901977, 0.970584560034862, -0.5598305801882683, 0.26314218302832026, -0.6053981751964904, -0.07160800378833847, -0.29681363826372514, 0.08128281896971082, -0.17262067915266638, -0.8186207254282439, -0.5198170754512008, 0.08809246460305509, 0.23703735962134012, 0.5066636080797624, -0.9213451612052104, -0.1952225289371167, 1.3925496524136665, -0.09218494556372597, 0.3039479952961261, 0.36429242361031966, 0.33062516480715476, 0.032540783870345535, 0.38748348831058776, -0.1530101642342637, 0.41093119408043927, 0.3179572490140069, -0.2798196558999381, 0.801671038871788, 0.817884438312365, 0.4719221623931203, 0.6908533340742239, 0.3942011520247939, 0.15457335328160152, -0.23430858468503216, -0.45093624611733235, 0.4011947543655412, 0.5042395396649757, -0.02035749848009171, -0.43390210521422906, -0.4068913376047341], [0.29679547500868053, 0.1026180338281431, 0.25806093152570947, -0.8928236688936608, 0.35928594992870805, -0.7242917317489457, 0.5159241602215017, -0.0015031560185030694, -0.4974145014026252, 0.5540325371858904, -0.07572309235322573, -0.27060666796541816, 0.02499576015222516, -0.0997912467722675, 0.048347558929158374, 0.06195876976488962, 0.13261548119554156, -0.016353188691983895, 0.6993070914268315, 0.3378316344265753, 0.34995664953607497, 0.4134980723976968, 0.2785195316235623, -0.013758839284518688, 0.6405903311786916, -0.5598305801882683, 1.1573067051013481, -0.5046422810510157, 0.5293420555201872, 0.6010041107201164, 0.31141773834546815, -0.05840541733056509, 0.15249869062148597, 0.9481032816516577, 0.48496756268217667, 0.08918246038209612, -0.5772048598422339, -0.35058002056484966, 0.8115013002906133, 0.1069834212046451, -1.4607227110331304, 0.23021410711733772, -0.7944252031214848, -0.12005747219076636, -0.0871058837048787, -0.20733525809123507, -1.048361993744285, -0.2690048852567016, -0.958723414436791, -0.03850463729994999, 0.4061746351742783, -1.0609263838544731, -1.1290797536923791, -0.6467957124541783, -0.5314123121532381, -0.6518621196248303, -0.07992390854574107, 0.09120907721770989, 0.6854925254285373, -0.35394789929545467, -0.7905374138599484, -0.002389627763380916, 0.5201359891574561, 0.5581985384113036], [-0.10501811252678817, 0.23741995530151697, -0.21539579202339684, 0.3083941818466559, -0.2529402812765626, 0.49129741029446894, -0.0946782931467472, 0.08294171978188, 0.24260947053511905, -0.4296999658653326, 0.21692214404728083, 0.418188578749494, -0.0386459534413289, 0.2551576888392363, -0.16534414493299543, 0.005960811721472544, 0.16748021707590963, 0.10146726952916416, -0.34439809240786273, -0.05678666903060194, -0.2657345923470485, -0.18425580669582312, -0.043221458411728635, -0.1633606470388886, -0.5913881035464292, 0.26314218302832026, -0.5046422810510157, 0.5241936217249346, -0.10538853218252854, -0.14205675095860212, 0.09529290486898256, -0.028099619670537125, 0.20819055458393684, -0.46312238032443354, -0.2629572603090033, 0.03491476127136895, 0.19853007330794326, -0.045590832068414536, -0.4298908254928526, -0.2606274210850031, 0.8097288304373387, -0.09011345245176099, 0.28327201879367003, 0.16591688774079852, 0.19709855281805685, 0.09297549181538639, 0.35735683284371794, 0.12007044526850892, 0.33538231745194536, 0.15735684786503973, -0.29035822122123567, 0.6370727595413086, 0.5563635714463909, 0.34797163910968404, 0.3930172903648227, 0.16928012320264532, 0.22108779572292908, -0.21780602553975054, -0.2167262255753009, 0.3466337924914184, 0.12408204048150401, 0.008319774215958226, -0.2602417317255463, -0.05685032161370754], [0.4469565462546696, 0.3381711738078864, -0.023885922463090962, -0.7624933382049495, 0.22888741656255007, -0.3997351828339625, 0.5806456968511553, -0.031560531156876896, -0.14563838114819408, 0.31474693316565366, 0.13464979968934043, 0.10879736957466986, -0.010397518780690418, -0.036705260225983215, 0.10908933216883185, 0.12497290148934269, 0.399531231677435, 0.1878294725641876, 0.6061930009654721, 0.31827065750318323, 0.2450095817748279, 0.08123131697041107, 0.14728344754145514, -0.44230436167541426, 0.28320555053030255, -0.6053981751964904, 0.5293420555201872, -0.10538853218252854, 0.7403536593136908, 0.362709531149053, 0.45265292129964596, -0.1993548007982957, 0.3824343609061651, 0.8306432106098114, 0.20615919937537186, 0.0551019839561451, -0.36882206396783485, -0.6584003310016725, 0.723080461610877, 0.020841990971928112, -0.948376504961295, 0.019171975568282724, -0.4081260644151966, -0.05810568990159846, -0.10833083546154464, 0.08801201697701645, -0.7594727070608311, 0.10219921276596423, -0.5701190615528112, 0.020998738413034086, 0.15020570319531965, -0.506492483451801, -0.8545240772633229, -0.5517415678549448, -0.3894183284758046, -0.6225173691235942, 0.07519710721765831, 0.09319209542556361, 0.5079453213569115, -0.08235016631551817, -0.7466738027524086, 0.2733232810322304, 0.17963208213561738, 0.5438084056867631], [0.1699762342509982, 0.4332802489844846, 0.05095938109634346, -0.6427303522203515, 0.016754512878161352, -0.1344837375065905, 0.4252480921735966, 0.08474221829183025, -0.29337737607067377, 0.24626674003221102, -0.029612320877622975, 0.1753332340018526, -0.0201424078672489, 0.1855642354396034, -0.06647327604669166, 0.0121935540476002, 0.2069640240783556, 0.010046667652438666, 0.40540965997396783, 0.07669058247110276, -0.05184346380078939, 0.15985804694121072, 0.31971680955669796, -0.09299115755455266, -0.057633339406825315, -0.07160800378833847, 0.6010041107201164, -0.14205675095860212, 0.362709531149053, 0.6674509930078943, 0.27045476137988694, -0.04217502444457419, 0.31571829583123967, 0.5258874696201086, 0.022708973848222843, 0.09274081536283457, -0.4468659639940437, -0.38331968805102434, 0.26750081232701395, -0.08108237871562146, -0.4002437947785889, 0.047294285536998944, -0.5136760411135697, 0.24614502764443588, 0.10383809895918512, 0.09191906217514864, -0.8341795719463947, -0.22323761265650752, -0.6254929068683711, 0.26747545488728347, 0.16448689939521802, -0.2560069857771425, -0.5887642454402133, -0.3874901416298757, -0.033331172751105594, -0.4950072436865068, 0.21276096662221847, -0.06126972034071789, 0.4165892941603322, 0.13952317330393024, -0.7033295969651677, 0.21836789293120126, 0.0010370323423119004, 0.46057293185102494], [0.19162540686684257, 0.21092762866900552, -0.22467929386302754, -0.292191119073765, 0.10781139017093239, -0.008122941549463795, 0.6405720256743536, -0.18317642098112294, -0.06303378170500114, 0.14138668768031892, 0.2857378976737278, 0.28767437313392913, 0.14716290020321213, 0.3177935112576425, 0.12937333702811957, 0.10042686415732428, 0.3415205382863799, 0.24283569743571226, 0.12823365272453063, 0.2519213525564196, -0.06791653037896485, 0.06799555319772711, 0.1704270077006239, -0.3113823967404035, -0.07548886558170162, -0.29681363826372514, 0.31141773834546815, 0.09529290486898256, 0.45265292129964596, 0.27045476137988694, 0.6044421791174418, -0.2061517204331037, 0.5750190789483584, 0.18319802228887846, 0.02835289319906839, 0.15802755015574782, -0.3716414371814779, -0.404966466342896, 0.26430882040706893, -0.37397982122028145, -0.33490364933223254, 0.2631168250553356, -0.14047738999332293, 0.06113039819278345, 0.16676283410533174, -0.010478794812643542, -0.5126904645308742, 0.048150399378934734, -0.3778356264080247, 0.28625832289466085, -0.04151486316037972, -0.1897664403548421, -0.37180460067863264, -0.13142964595703255, -0.26501439872867727, -0.43040192734969307, 0.2391111309164199, -0.2694787012270966, 0.23793866435972377, 0.07625528931620866, -0.38484192007005713, 0.028484197900359276, 0.164459633946062, 0.11643478300421664], [-0.047207956942676335, -0.025623125079205836, 0.16718420978012358, 0.07094959639995911, -0.15494410479685053, 0.05435606883632776, -0.2914201384888549, 0.01941105457544136, -0.011433668949010878, -0.15665762630802663, -0.053639710206962773, -0.22061312919290435, -0.09602906408114857, -0.10456073996973643, -0.12051619039890947, -0.03865686695327426, -0.09612187749478157, -0.08788942203797255, -0.010146701931497524, -0.1640095342369861, 0.028936525747684867, -0.05165125996523017, -0.1213335769308741, 0.1313339272034058, -0.08983480360199052, 0.08128281896971082, -0.05840541733056509, -0.028099619670537125, -0.1993548007982957, -0.04217502444457419, -0.2061517204331037, 0.2345017301782594, -0.19429767340260465, -0.09566947483597234, 0.04343060236119038, -0.12090246005006118, 0.10896965152508802, 0.19118453025429946, -0.11246876987055655, 0.08304697316633394, 0.11176407271256199, -0.10035374573870337, 0.0739207450624756, -0.00194986705519423, -0.01039351194247826, 0.033727057305126665, 0.24431337190194694, -0.04246985956671627, 0.15580763674090928, -0.03425660046863185, 0.06277469714455601, 0.11421738868132479, 0.20032594161294376, 0.06612001284254124, 0.12584831954598627, 0.22532330013304147, -0.06255583641794477, 0.11336378434567836, -0.1385061306593548, 0.06266550029907275, 0.19751480026096407, -0.11867791963083385, -0.09645603435258321, -0.07487304875026075], [-0.026035986781761316, 0.2334620953770255, -0.292830508368937, -0.16916613699153157, -0.07747443171525412, 0.13159975172521637, 0.6265831144028435, -0.17096843811985812, -0.08367225001242992, -0.05687232005468763, 0.2418002081827442, 0.4379045383453409, 0.2689971155230727, 0.36956223202944827, 0.07182547552326383, 0.023330118473549055, 0.2871852884538355, 0.21004834416569648, -0.11121371301659144, 0.21492518178796144, -0.2289390318193275, 0.08520015722413471, 0.23185507733596822, -0.2680205780835304, -0.29159666818568947, -0.17262067915266638, 0.15249869062148597, 0.20819055458393684, 0.3824343609061651, 0.31571829583123967, 0.5750190789483584, -0.19429767340260465, 0.8639780075571734, 0.025871727403863492, -0.1347005190904503, 0.1515975101111859, -0.38001321348436745, -0.49802107772296944, 0.15389260447780873, -0.48734470722689416, -0.015293832488038386, 0.2835920565706946, -0.2079384048675623, 0.21414155679329983, 0.2748083104191509, 0.08330941239545338, -0.4457336922390699, 0.01594844878864131, -0.21188838316601347, 0.3373878184908491, -0.17769095569510926, -0.009754634870238806, -0.09383508276553139, -0.026627496040157874, -0.16110256234063158, -0.4193411170589219, 0.37523845582223553, -0.36160667003564473, 0.20653139424390735, 0.13514175223200248, -0.5503590621028279, 0.10543414622002739, 0.09320779797018414, 0.11281344301015081], [0.5223788777686965, 0.3050844220290055, 0.44348026577528477, -1.217766021894998, 0.4967918896784065, -0.9507928945421015, 0.4555497324705209, 0.22727709588305647, -0.41116860046096504, 0.4802061961233644, -0.19788073740682696, -0.2279944867767517, -0.17707411700073175, -0.4679172701979361, 0.019994244761112917, 0.11839689911492057, 0.230530413287682, -0.01903942450885684, 0.9416443929434444, 0.4405165815981221, 0.7468356500153026, 0.26782789156976206, 0.21458798736979806, -0.3250856316096328, 0.8020052862193796, -0.8186207254282439, 0.9481032816516577, -0.46312238032443354, 0.8306432106098114, 0.5258874696201086, 0.18319802228887846, -0.09566947483597234, 0.025871727403863492, 1.6524715885156356, 0.4966048054529305, -0.05161890472632421, -0.3238989852217879, -0.7273705834176161, 1.2020530053808172, 0.558465219622372, -1.8039980901523693, -0.14402502250264357, -0.9358334676153837, -0.2136611764472399, -0.37188671090532166, -0.043321043915246875, -1.1286846468927276, -0.04643506965792278, -0.8452074516958582, -0.4026905421157546, 0.4327066441368465, -1.068230665566735, -1.3133834298329252, -1.116744983211808, -0.47451050133916334, -0.9012221137865689, -0.20657544736021113, 0.5100891219409913, 0.9054412968553764, -0.4259605665345941, -1.2173575152234557, 0.46415801304710885, 0.419429113327454, 1.0381353978171368], [0.23718419619756245, -0.12136050168066566, 0.2736292196188017, -0.3483661054947179, 0.29092560335034606, -0.48153348456710554, -0.0253787129403348, 0.03511489202792941, -0.17795556592410494, 0.14556585357900884, -0.051235840227843166, -0.3699748833788552, -0.15172406875193842, -0.3235420347655499, 0.046386342743350774, 0.14453340965336078, -0.03416119823586902, 0.0411207524971009, 0.36717798160169857, 0.24987357783921524, 0.46403793407391125, 0.19165072618952883, -0.1373688202773801, -0.05283665041602701, 0.4947987660286871, -0.5198170754512008, 0.48496756268217667, -0.2629572603090033, 0.20615919937537186, 0.022708973848222843, 0.02835289319906839, 0.04343060236119038, -0.1347005190904503, 0.4966048054529305, 0.5272726475390483, -0.09861316893768528, -0.1231203226781714, -0.10414726848088397, 0.502251727530622, 0.187018318921454, -0.9652334350983834, 0.01838834221023977, -0.2647950579317948, -0.327281333758206, -0.2653311972934515, -0.15679041243606406, -0.18943234406830123, -0.06789583624615127, -0.28521043968970206, -0.2541462137584438, 0.28808767917098094, -0.6544350836073796, -0.5431759274797393, -0.27884640367199165, -0.3880654488893313, -0.10300723053338734, -0.2552012183162236, 0.20527207759660032, 0.2419913739054684, -0.3076132580166107, -0.249511886979583, -0.12128675808258076, 0.3792805773497548, 0.2461554869454193], [-0.040900554567817105, 0.04779202868540592, -0.12688904335875234, -0.04133172574365284, 0.04564104144367284, 0.006511839328272564, 0.22452981683055756, -0.05308087825991382, -0.019696031962693386, 0.1323148836660825, 0.05331100259636237, 0.1781443717552415, 0.11927580531030822, 0.15296796090079576, 0.015822852300175185, -0.039855815241721035, 0.05944844876603984, 0.005097142334297019, -0.04867284327806912, 0.07378290657652412, -0.1483065731814924, 0.05538452612214616, 0.17785336941761343, 0.004623368749240163, -0.02376497176781711, 0.08809246460305509, 0.08918246038209612, 0.03491476127136895, 0.0551019839561451, 0.09274081536283457, 0.15802755015574782, -0.12090246005006118, 0.1515975101111859, -0.05161890472632421, -0.09861316893768528, 0.2056133841986223, -0.09114431985938458, -0.028627980797418573, 0.016523490791202616, -0.13008616367155346, 0.03363292539330999, 0.08702473531256859, -0.08031933673239466, 0.08366154184983639, 0.12982681178692154, -0.06797864567580321, -0.22816384789230892, -0.018037540981693464, -0.1392650965384584, 0.11249976475986384, -0.12329453163190231, -0.03703013237959786, -0.05235133429861985, 0.015829989696849497, 0.018175992852628393, -0.15124801878851207, 0.06830662804713188, -0.17721777971444436, 0.06839931502550527, -0.019644058173494842, -0.06543395994832986, 0.058830773593880246, 0.08139154160413697, 0.008101757684627113], [-0.21422588576356127, -0.10971297127863414, -0.008844544894848637, 0.44289646154963186, -0.03271712762254969, 0.08015595410458337, -0.4516363044893194, 0.18087081723238818, 0.33597749225463996, -0.33487122617777115, 0.013103837422376287, 0.057037392366187635, -0.026724162277594294, -0.19175942224180217, -0.17299363241956528, -0.048571974257766326, -0.18168821450271297, -0.04100797211035609, -0.30502007941006154, -0.135555648608679, 0.11813968015337863, -0.08497520012006336, -0.19653843159308046, 0.07726548161984136, -0.048475869350846044, 0.23703735962134012, -0.5772048598422339, 0.19853007330794326, -0.36882206396783485, -0.4468659639940437, -0.3716414371814779, 0.10896965152508802, -0.38001321348436745, -0.3238989852217879, -0.1231203226781714, -0.09114431985938458, 0.6187230881396438, 0.2619328482244587, -0.1761992342399265, 0.22258944870880829, 0.45734867530271484, -0.2080641960672926, 0.2959334760920371, -0.05501331198752388, -0.1356570097612299, -0.07384633517175833, 0.5993008823345668, 0.2043375494602096, 0.5551626467577206, -0.3470292193861084, -0.18614256484252112, 0.4070889496473897, 0.5943270614099171, 0.1596846066210922, 0.3269455269232907, 0.32660500841272644, -0.12650406039047898, 0.1281419704663925, -0.1890439872356712, -0.03195888636202857, 0.3299543666819991, 0.03758513596314567, -0.11417374683830511, -0.054440757980940724], [-0.3698527977428166, -0.5272979779163107, 0.11142524548232055, 0.6968297538348719, -0.18228559864992616, 0.3330609601821124, -0.489787339729185, -0.12049663930011108, 0.04572482598295326, -0.14245743864586738, -0.20846786876798554, -0.42784729422995893, 0.0061713211908957415, 0.04858112573408832, 0.004224793338360361, -0.14806136095995595, -0.40789193613491714, -0.2636866442652641, -0.47805890849259564, -0.32063316270289266, -0.2518503148811825, -0.16662902056456128, -0.07815157910953702, 0.4918113104686572, -0.14292479886924886, 0.5066636080797624, -0.35058002056484966, -0.045590832068414536, -0.6584003310016725, -0.38331968805102434, -0.404966466342896, 0.19118453025429946, -0.49802107772296944, -0.7273705834176161, -0.10414726848088397, -0.028627980797418573, 0.2619328482244587, 0.8620050318852035, -0.6302949029321504, -0.02028503744303686, 0.6425365316063031, -0.017703305465566418, 0.3706892166031721, -0.07481909247805081, 0.21194813087905956, -0.1497504706184285, 0.6709509786706848, -0.16902592661782465, 0.45365899163877726, 0.0441877075024681, -0.10492256970939676, 0.2302280160852036, 0.6683072370646854, 0.49620775158460234, 0.2157852459315844, 0.6093748726247354, -0.2099943197434073, 0.0077556321275399345, -0.5791279093911461, -0.046425933495735365, 0.9480892991795798, -0.4061168848108142, -0.036746889819240944, -0.677928757652499], [0.4076884331702516, 0.07155674653768986, 0.15806900729593976, -0.9552425496556064, 0.5539637686592211, -1.1154473601005492, 0.5085613555224268, 0.030068374580512456, -0.27647191545242306, 0.4464549363011327, 0.03855111948165065, -0.2519882988659312, 0.15177592703615295, -0.5441182808069346, 0.011663577810343231, 0.0475104044452857, 0.2447706588791629, 0.05010488152964041, 0.7749132187093813, 0.5261126913670399, 0.6992773945469167, 0.38888903809925424, 0.10078303515635373, -0.2972280044741843, 1.0024359883687763, -0.9213451612052104, 0.8115013002906133, -0.4298908254928526, 0.723080461610877, 0.26750081232701395, 0.26430882040706893, -0.11246876987055655, 0.15389260447780873, 1.2020530053808172, 0.502251727530622, 0.016523490791202616, -0.1761992342399265, -0.6302949029321504, 1.4171674015866336, 0.4034696451256439, -1.8326432778514932, 0.060432724531192854, -0.7480976498964357, -0.3804077767806057, -0.42904563554544023, -0.1954707772966177, -0.8639497720750982, 0.17904165193752403, -0.6969953464160997, -0.5978719542926353, 0.21304385815615906, -1.0966114505214972, -1.1344769796547398, -0.8711198189401271, -0.615056971555131, -0.8043309560721333, -0.2241242320006764, 0.3078260174014746, 0.8553731516150709, -0.6249292059573791, -0.9710679838656948, 0.2773973894882111, 0.6153496447810684, 0.8635209051364965], [0.10925470096102788, -0.10954638239540138, 0.3296748881493286, -0.2647071623036914, 0.20549652234280164, -0.5102149745666806, -0.3138451402637657, 0.20290948420078098, -0.10067535938882229, 0.13896033617272585, -0.23439838914281383, -0.36918036408935545, -0.1258154150516383, -0.5983612269122882, -0.05083220274516984, -0.04571659949579946, -0.11636959375485253, -0.18293450492238497, 0.32826411082832085, 0.061573452635105226, 0.4656255734773935, 0.09128382312440822, -0.08603526463993172, 0.0745068178891949, 0.534825520075454, -0.1952225289371167, 0.1069834212046451, -0.2606274210850031, 0.020841990971928112, -0.08108237871562146, -0.37397982122028145, 0.08304697316633394, -0.48734470722689416, 0.558465219622372, 0.187018318921454, -0.13008616367155346, 0.22258944870880829, -0.02028503744303686, 0.4034696451256439, 0.6368639308940586, -0.6410566581462475, -0.21790965878172255, -0.23630425154836224, -0.24839782920937523, -0.37701762761635355, -0.056572193548576344, -0.017340573977343822, 0.047039310790377965, -0.07575197791694653, -0.5773713976157263, 0.1665391012392287, -0.35023735497003616, -0.2811453551083782, -0.3586151318130175, -0.044002920015459725, -0.06444263040277211, -0.3230655725803423, 0.4221974606417951, 0.24436920452262229, -0.36264532237264363, -0.14169199514068012, 0.18344208034701456, 0.10911294262816634, 0.37212312458283914], [-0.5846490676263046, 0.2378356496962747, -0.5176744738218345, 1.3116698136257858, -0.836924125385364, 1.594360560108747, -0.6082964483570121, 0.05227204691712046, 0.6313891620834083, -0.7589775785226193, 0.1063119515244579, 0.7828986563867608, -0.07153969288113815, 0.8494999648604658, -0.22065930255203908, -0.12714847839792218, -0.16852240156458584, -0.012858140353975263, -1.1256913675719558, -0.7528090690896878, -1.130348326385781, -0.59168424133884, -0.12420862134271111, 0.21323602485673523, -1.5272404869747105, 1.3925496524136665, -1.4607227110331304, 0.8097288304373387, -0.948376504961295, -0.4002437947785889, -0.33490364933223254, 0.11176407271256199, -0.015293832488038386, -1.8039980901523693, -0.9652334350983834, 0.03363292539330999, 0.45734867530271484, 0.6425365316063031, -1.8326432778514932, -0.6410566581462475, 2.957525882612302, -0.21763400915867287, 1.1277079980853293, 0.6990154304037176, 0.5406674524135274, 0.4056887921419061, 1.2235304259104964, 0.03269017953827985, 1.1492253874648348, 0.8049598214432753, -0.5289379691295717, 1.9423616988788146, 1.7434026114736711, 1.1906048337597628, 1.1153265445562672, 0.9966853303437387, 0.49940700862625476, -0.5131923756324668, -1.113647540926972, 1.0594293858755213, 1.1392363465538518, -0.11608912340870961, -1.099097751946365, -1.0025378200594373], [-0.12411063086835739, -0.2495068759895622, -0.1411666797537216, 0.14396625154075884, 0.11294906856118936, -0.103130901094194, 0.35269936042553185, -0.21092108061070078, -0.11837677436863761, 0.15638042659312829, 0.12980151817808627, 0.031785567979712465, 0.3084013476312362, 0.14924757925042867, 0.17821306949264548, -0.011376755283296623, -0.003259982108359769, 0.08390030942440278, -0.16269564887339044, 0.14294146844017674, -0.042112500698818466, 0.23172214503483188, 0.08575246974290794, 0.10675758269153687, 0.16965409687674937, -0.09218494556372597, 0.23021410711733772, -0.09011345245176099, 0.019171975568282724, 0.047294285536998944, 0.2631168250553356, -0.10035374573870337, 0.2835920565706946, -0.14402502250264357, 0.01838834221023977, 0.08702473531256859, -0.2080641960672926, -0.017703305465566418, 0.060432724531192854, -0.21790965878172255, -0.21763400915867287, 0.4657662756812995, -0.057169146316545356, -0.026494699003244748, 0.10226793707110264, -0.20158423574815987, -0.14934565232526023, -0.047042927375925254, -0.19381989163759542, 0.013639745746555274, -0.021647060799029706, -0.2564725833373038, -0.07243256070314222, 0.08111051640627681, -0.31267718355014135, -0.1485819312550245, 0.09671823471093817, -0.26612965459519317, 0.12421806414740102, -0.2006344304000898, 0.0032639488066094234, -0.21322322936682006, 0.2811135729926996, -0.19593055517632316], [-0.022178043706141373, -0.15022009227209346, -0.28895578391261884, 0.7351404644846757, -0.27422060693929406, 0.6502933859599017, -0.3644053159400388, -0.22259028970969222, 0.45803773574361734, -0.2345298721112157, 0.21853820523828676, 0.12383512230642679, -0.10098022045316686, 0.1737640394608661, 0.15674679490320018, 0.06180982414400858, -0.07443976012717467, 0.17808763159703736, -0.39916488444243514, -0.35149198217789784, -0.3021799597857884, -0.3722685668890184, -0.4081474915091908, -0.015256968376506976, -0.4884833000041776, 0.3039479952961261, -0.7944252031214848, 0.28327201879367003, -0.4081260644151966, -0.5136760411135697, -0.14047738999332293, 0.0739207450624756, -0.2079384048675623, -0.9358334676153837, -0.2647950579317948, -0.08031933673239466, 0.2959334760920371, 0.3706892166031721, -0.7480976498964357, -0.23630425154836224, 1.1277079980853293, -0.057169146316545356, 0.9668659279718526, 0.044578294721448274, 0.026160692554957395, 0.22717337584027633, 0.9306903574310288, 0.24927272476725565, 0.6976504877767581, 0.27689451887974265, -0.1376669052265414, 0.8174049071543236, 0.7283578361296196, 0.6525056082591502, 0.17312696293554844, 0.7121111870803434, 0.06488449629878142, -0.15047238526308757, -0.7278488735677086, 0.3988437016783213, 1.0139101415648122, -0.21815500118409598, -0.4643775322945978, -0.7799117428662916], [-0.134564375960302, 0.3695475031175988, -0.14148171907096285, 0.06806464083004052, -0.2669079930417837, 0.4258440348490514, 0.09731240031201309, 0.05763424408829685, 0.1116804760018919, -0.08343998245186066, 0.040512169281322195, 0.4545519661353467, 0.01475072316511741, 0.41637177110658813, -0.0846743702523152, -0.024156422903571746, 0.02713599564069715, 0.07220094662146463, -0.12330816978069344, -0.2117528966158666, -0.3396079822319185, -0.06424422763728967, 0.1641910859691008, -0.0005468912827197611, -0.5183410360581803, 0.36429242361031966, -0.12005747219076636, 0.16591688774079852, -0.05810568990159846, 0.24614502764443588, 0.06113039819278345, -0.00194986705519423, 0.21414155679329983, -0.2136611764472399, -0.327281333758206, 0.08366154184983639, -0.05501331198752388, -0.07481909247805081, -0.3804077767806057, -0.24839782920937523, 0.6990154304037176, -0.026494699003244748, 0.044578294721448274, 0.4822586299559532, 0.23503829856228098, 0.1926735749508392, -0.13822388961598983, -0.0824904843857483, 0.06675323623620652, 0.4222787236437347, -0.07444444210066453, 0.5094765534158116, 0.27506247045036175, 0.10306462842478703, 0.2949482030787385, -0.015389612585931496, 0.34064254042454944, -0.1870445945905395, -0.048522035986617286, 0.396213936879782, -0.13187170276801202, 0.16532446843562287, -0.35834809201939133, -0.04437553978051852], [-0.24007136135229315, -0.02366265066978549, -0.09741131882498572, 0.23379208398635212, -0.2796718812560343, 0.4593405803918438, 0.16457363804406147, -0.15320989616386285, -0.05593514234095138, -0.15165727643523297, 0.015874358170886067, 0.1076343925975933, 0.11588589895078498, 0.438582897977394, -0.006556053430627367, -0.10519359185712066, 0.013583243432032932, -0.06214217322146172, -0.3416936668377343, -0.13018256778026158, -0.4280979238338105, -0.13590169407689826, 0.2397125778173914, 0.11391912566754332, -0.5037051944687208, 0.33062516480715476, -0.0871058837048787, 0.19709855281805685, -0.10833083546154464, 0.10383809895918512, 0.16676283410533174, -0.01039351194247826, 0.2748083104191509, -0.37188671090532166, -0.2653311972934515, 0.12982681178692154, -0.1356570097612299, 0.21194813087905956, -0.42904563554544023, -0.37701762761635355, 0.5406674524135274, 0.10226793707110264, 0.026160692554957395, 0.23503829856228098, 0.4940378901131198, 0.0026630032149580645, -0.008697491028954474, -0.16939455784509058, 0.06892480001548705, 0.4144026332741208, -0.2057162966504439, 0.2508049233349714, 0.38235432097889116, 0.26172218722637286, 0.1829022319100528, 0.03751286346448763, 0.19793383090619374, -0.2311194742095819, -0.2260647307949241, 0.19894128933647817, 0.18782137743956911, -0.1493457388767703, -0.06308170582086209, -0.28869984614878275], [0.15427830496738051, 0.272984144858846, -0.06140101484849504, -0.07787543441811523, -0.2476654174066347, 0.2890364757192078, -0.0912829003027697, -0.033048522581491345, 0.1072270309938919, -0.03881369530771366, 0.01651926062136478, 0.1297711575594632, -0.16087161494408778, 0.03871464517780227, 0.044375213323221536, 0.027212451180535824, 0.08724733545562541, 0.08952563055771362, 0.12143015944552786, -0.18985916078362908, -0.15575760046338463, -0.2240082485852323, -0.10218133837787464, -0.15159469443433798, -0.3642570539758505, 0.032540783870345535, -0.20733525809123507, 0.09297549181538639, 0.08801201697701645, 0.09191906217514864, -0.010478794812643542, 0.033727057305126665, 0.08330941239545338, -0.043321043915246875, -0.15679041243606406, -0.06797864567580321, -0.07384633517175833, -0.1497504706184285, -0.1954707772966177, -0.056572193548576344, 0.4056887921419061, -0.20158423574815987, 0.22717337584027633, 0.1926735749508392, 0.0026630032149580645, 0.4210469177497342, 0.09211129237274343, 0.08536849022840184, 0.150182782511756, 0.2659763358789209, 0.03289045632800873, 0.38578112581036006, 0.060699664564293744, 0.07120986119675396, 0.10009343458564998, 0.13489189854396222, 0.14403973709586912, 0.03364241098006593, -0.17616478334083802, 0.34691762437065676, 0.04107165729635139, 0.19049492354037145, -0.3938903528353879, -0.054177725634929286], [-0.3025419269226462, -0.4594963185429212, -0.04567584069068369, 1.0780297942357575, -0.3950044335017103, 0.6010433465718952, -0.8832252399779915, -0.12515970717068634, 0.40244038761555007, -0.5930109271401494, 0.04435956314969267, -0.22370012438545256, -0.10389906950176604, -0.16829761256884074, -0.018727125104696807, -0.06423161297167496, -0.310813598632939, -0.04062030041376562, -0.684857299045787, -0.3756219872656782, -0.19369363821208116, -0.3519502007725061, -0.5545462077206829, 0.2424977762279463, -0.43658998294501095, 0.38748348831058776, -1.048361993744285, 0.35735683284371794, -0.7594727070608311, -0.8341795719463947, -0.5126904645308742, 0.24431337190194694, -0.4457336922390699, -1.1286846468927276, -0.18943234406830123, -0.22816384789230892, 0.5993008823345668, 0.6709509786706848, -0.8639497720750982, -0.017340573977343822, 1.2235304259104964, -0.14934565232526023, 0.9306903574310288, -0.13822388961598983, -0.008697491028954474, 0.09211129237274343, 1.4811414060252146, 0.20437511338363928, 1.0528510520001921, -0.14755655660766862, -0.2579744330954744, 0.8287892262844037, 1.202088558416011, 0.8814757275259781, 0.3394767293605512, 1.0314170828497116, -0.1398587609385172, -0.005625886182487813, -0.8636138461852639, 0.14416118181350107, 1.2463361848103798, -0.4103746628918989, -0.35033643228863, -0.8237483794956388], [0.13034969236673405, 0.07760059427346623, -0.19558576506363523, 0.029282074406462757, 0.03434225015042201, -0.08250181500768318, 0.015684978848752022, -0.05024746024906601, 0.24933404988418434, -0.03682244384233394, 0.2223031249439951, 0.14315331945380758, 0.0630333272364644, -0.12302944669863965, -0.0003338547677155192, 0.016846679451444708, 0.15602814077916105, 0.1435909889929202, 0.04439484802038853, 0.023409332990206044, 0.0731511951340753, -0.07314289900062144, -0.17496605556504058, -0.21109590115303412, 0.07175936896164714, -0.1530101642342637, -0.2690048852567016, 0.12007044526850892, 0.10219921276596423, -0.22323761265650752, 0.048150399378934734, -0.04246985956671627, 0.01594844878864131, -0.04643506965792278, -0.06789583624615127, -0.018037540981693464, 0.2043375494602096, -0.16902592661782465, 0.17904165193752403, 0.047039310790377965, 0.03269017953827985, -0.047042927375925254, 0.24927272476725565, -0.0824904843857483, -0.16939455784509058, 0.08536849022840184, 0.20437511338363928, 0.3554582923708398, 0.18397550455014072, -0.17167196282302977, -0.1118011923998196, 0.1719509519588062, 0.05085088275678901, 0.003822048221411261, -0.019057452523876715, 0.009580187587969712, 0.004204002617861166, 0.008127724137107092, 0.0047705952098631675, 0.00918501328740226, 0.0881920476281753, 0.10351794040911506, -0.076950547696014, 0.031357351431469414], [-0.3563729590492073, -0.26510753121215286, -0.0921286313776382, 0.8803873537359944, -0.33841483459509186, 0.5910350572508143, -0.5982900388372148, -0.04889975772085543, 0.4353480784834843, -0.5403673894885517, -0.0033683067653835, 0.041927557622844586, -0.042226816913672895, 0.0008512557498695999, -0.013693393790040202, -0.04210289996020438, -0.307908534537883, 0.00650414754541388, -0.6781907152280255, -0.33743967712852285, -0.19122864734516581, -0.33013784440777594, -0.32630184458610484, 0.1315061879040339, -0.4971711837272607, 0.41093119408043927, -0.958723414436791, 0.33538231745194536, -0.5701190615528112, -0.6254929068683711, -0.3778356264080247, 0.15580763674090928, -0.21188838316601347, -0.8452074516958582, -0.28521043968970206, -0.1392650965384584, 0.5551626467577206, 0.45365899163877726, -0.6969953464160997, -0.07575197791694653, 1.1492253874648348, -0.19381989163759542, 0.6976504877767581, 0.06675323623620652, 0.06892480001548705, 0.150182782511756, 1.0528510520001921, 0.18397550455014072, 0.9861442022376729, 0.008559100862850798, -0.2790410513716274, 0.8054487133462833, 1.0947687394216161, 0.5858374470971175, 0.3531625794371955, 0.7131120424017825, -0.027003408199869308, 0.001468143342770146, -0.6752468713414778, 0.20955497518169258, 0.7810650931627215, -0.10274025172502067, -0.34062257454129785, -0.6166571685569358], [0.012704822836871054, 0.30501826235233825, -0.23506384992007998, 0.06122975844356174, -0.30676723361222114, 0.7118553221500447, 0.2590845862068787, -0.15760583047842944, 0.09517654244713009, -0.009169774458962764, 0.10958135148413418, 0.35861133305417203, -0.10687212377516403, 0.7177301058107967, 0.08576848633238623, 0.08189391376723815, 0.10035298576903048, 0.1373289847341886, -0.1202579831129312, -0.24894595637512046, -0.5410435801762553, -0.26101811764199934, 0.14988404859419555, -0.1033829791028589, -0.7039946165184772, 0.3179572490140069, -0.03850463729994999, 0.15735684786503973, 0.020998738413034086, 0.26747545488728347, 0.28625832289466085, -0.03425660046863185, 0.3373878184908491, -0.4026905421157546, -0.2541462137584438, 0.11249976475986384, -0.3470292193861084, 0.0441877075024681, -0.5978719542926353, -0.5773713976157263, 0.8049598214432753, 0.013639745746555274, 0.27689451887974265, 0.4222787236437347, 0.4144026332741208, 0.2659763358789209, -0.14755655660766862, -0.17167196282302977, 0.008559100862850798, 0.9258112992607138, 0.04041724642827428, 0.4803994758943285, 0.14712195465325398, 0.22221677345735225, 0.1453438773076932, 0.09738899092961607, 0.3599787553005383, -0.28395479831370274, -0.35640384350459114, 0.642405371462712, 0.14379219378000982, -0.04951401871896129, -0.4042168301909099, -0.40287857515467046], [0.21752939263885077, 0.04996688098421677, 0.19929802301752925, -0.3576800167575742, 0.16398187554666407, -0.2321412625873129, -0.021710523261367968, 0.09573448399795383, -0.1345606430831063, 0.22825330537003943, -0.10793499351531663, -0.1783958379666653, -0.2031276144560005, -0.08160653059697973, 0.06235757438872043, 0.13194992210266493, -0.03994791838899804, 0.016398446166055746, 0.37046320150545337, 0.03340515375201318, 0.2909714522848687, 0.09881711706454269, -0.07237416868637614, -0.03074306210019919, 0.30160202227250266, -0.2798196558999381, 0.4061746351742783, -0.29035822122123567, 0.15020570319531965, 0.16448689939521802, -0.04151486316037972, 0.06277469714455601, -0.17769095569510926, 0.4327066441368465, 0.28808767917098094, -0.12329453163190231, -0.18614256484252112, -0.10492256970939676, 0.21304385815615906, 0.1665391012392287, -0.5289379691295717, -0.021647060799029706, -0.1376669052265414, -0.07444444210066453, -0.2057162966504439, 0.03289045632800873, -0.2579744330954744, -0.1118011923998196, -0.2790410513716274, 0.04041724642827428, 0.4421297551950476, -0.33111571070914214, -0.49512189209494084, -0.31367346880556535, -0.25378372446063746, -0.10350447719353326, -0.08091896085715682, 0.20940781480043782, 0.1721938979259159, 0.001986575617246481, -0.22091668233728556, -0.023507900492492028, 0.029323595181910966, 0.15020187585590236], [-0.24036371269960072, 0.3848422432612204, -0.35524412194084437, 0.7412468776613197, -0.5812867816322528, 1.057116213246756, -0.42736713801520376, 0.08820626731063656, 0.5364063676183248, -0.5794700111055647, 0.19255265736354213, 0.6427241961023518, -0.12581187149270187, 0.49230499384145443, -0.20626817526295987, -0.03227135671564892, 0.027096807596445657, 0.09551768986208486, -0.5915102857812727, -0.5065117605008868, -0.6255487879878059, -0.4376130246762108, -0.18025389790461194, -0.04878516252983764, -1.0821832551977597, 0.801671038871788, -1.0609263838544731, 0.6370727595413086, -0.506492483451801, -0.2560069857771425, -0.1897664403548421, 0.11421738868132479, -0.009754634870238806, -1.068230665566735, -0.6544350836073796, -0.03703013237959786, 0.4070889496473897, 0.2302280160852036, -1.0966114505214972, -0.35023735497003616, 1.9423616988788146, -0.2564725833373038, 0.8174049071543236, 0.5094765534158116, 0.2508049233349714, 0.38578112581036006, 0.8287892262844037, 0.1719509519588062, 0.8054487133462833, 0.4803994758943285, -0.33111571070914214, 1.4674350586219247, 1.1452753112601457, 0.6954871165048717, 0.7998754883952579, 0.6151782712135199, 0.4012493266450143, -0.2714305320490676, -0.6616123488676166, 0.8192590072158941, 0.6402051525712065, 0.05781014287175843, -0.8760558308432487, -0.49124773682292394], [-0.6725011274004244, -0.27265243223949065, -0.16300789886679146, 1.2093108062264935, -0.5732661735382505, 0.9369616853609993, -0.662911132776592, -0.06127604355028698, 0.41720504255137414, -0.7713431595904218, 0.03750633916155532, 0.18087414422931916, 0.09688992596339892, 0.25355456570632057, -0.14497535983026752, -0.17058411189587458, -0.34401018030202385, -0.08047785045844126, -1.053318011544121, -0.44948648996168317, -0.5007781738133835, -0.3254599181394638, -0.18156873446001745, 0.3274822711728543, -0.894586296061045, 0.817884438312365, -1.1290797536923791, 0.5563635714463909, -0.8545240772633229, -0.5887642454402133, -0.37180460067863264, 0.20032594161294376, -0.09383508276553139, -1.3133834298329252, -0.5431759274797393, -0.05235133429861985, 0.5943270614099171, 0.6683072370646854, -1.1344769796547398, -0.2811453551083782, 1.7434026114736711, -0.07243256070314222, 0.7283578361296196, 0.27506247045036175, 0.38235432097889116, 0.060699664564293744, 1.202088558416011, 0.05085088275678901, 1.0947687394216161, 0.14712195465325398, -0.49512189209494084, 1.1452753112601457, 1.608718254469943, 0.9166738774352767, 0.6680779805873676, 0.8291462256824728, 0.14878298072924873, -0.25099747482169704, -0.8121921846397967, 0.33370446835657835, 0.9612385730932376, -0.2476579057738162, -0.423295401611595, -0.7908432657023737], [-0.2936778810773187, -0.2568848125034475, -0.21743122278431662, 0.8467958927853891, -0.41147057380435914, 0.6765943503315461, -0.42067870169528643, -0.22119808682043252, 0.20588262988666506, -0.347941694807502, 0.11001399276166783, 0.033755016200411124, 0.055301001875238634, 0.21344181757470526, 0.03199253490259032, -0.07956558542077007, -0.14759270702585808, 0.020285069942683105, -0.6115090917040318, -0.28458093382783767, -0.5053483542567099, -0.22296274165744, -0.21695823940764994, 0.23587675918679535, -0.5997346176479649, 0.4719221623931203, -0.6467957124541783, 0.34797163910968404, -0.5517415678549448, -0.3874901416298757, -0.13142964595703255, 0.06612001284254124, -0.026627496040157874, -1.116744983211808, -0.27884640367199165, 0.015829989696849497, 0.1596846066210922, 0.49620775158460234, -0.8711198189401271, -0.3586151318130175, 1.1906048337597628, 0.08111051640627681, 0.6525056082591502, 0.10306462842478703, 0.26172218722637286, 0.07120986119675396, 0.8814757275259781, 0.003822048221411261, 0.5858374470971175, 0.22221677345735225, -0.31367346880556535, 0.6954871165048717, 0.9166738774352767, 0.9023720811905196, 0.2765823622903269, 0.7080260487300677, 0.10847351251952535, -0.3454853519405535, -0.6740242272692561, 0.23205307671380848, 0.926171130417105, -0.38255089960746463, -0.2665368694204833, -0.7514547890001857], [-0.2400473480566894, 0.35957132016261917, -0.056121870289000245, 0.27166137460682643, -0.32603661783284155, 0.5237987245526364, -0.3890432488663418, 0.28962650256659467, 0.21290530126479218, -0.4419336742675548, -0.021300396999080148, 0.33272543240263397, -0.14263236293637732, 0.21763187375745197, -0.4100175454896347, -0.12055196885369433, 0.0008997206802833889, -0.17327671841715, -0.3270988755409742, -0.2714639976621917, -0.3724417669999138, -0.2087767556038326, 0.06359124497047967, 0.07547447675531471, -0.6206250384640494, 0.6908533340742239, -0.5314123121532381, 0.3930172903648227, -0.3894183284758046, -0.033331172751105594, -0.26501439872867727, 0.12584831954598627, -0.16110256234063158, -0.47451050133916334, -0.3880654488893313, 0.018175992852628393, 0.3269455269232907, 0.2157852459315844, -0.615056971555131, -0.044002920015459725, 1.1153265445562672, -0.31267718355014135, 0.17312696293554844, 0.2949482030787385, 0.1829022319100528, 0.10009343458564998, 0.3394767293605512, -0.019057452523876715, 0.3531625794371955, 0.1453438773076932, -0.25378372446063746, 0.7998754883952579, 0.6680779805873676, 0.2765823622903269, 0.8103217915399261, 0.2688049372986039, 0.14878399546381704, -0.08660091612820697, -0.25559747655637566, 0.4536017124525796, 0.16457743381099899, 0.10478700858617793, -0.47889164551752006, 0.023894877819191855], [-0.19816818858682264, -0.3005034727310444, 0.01622512393194401, 0.7662529675668963, -0.3610737486650623, 0.5503845979108993, -0.7220853445039105, -0.10921025636022788, 0.2729628323686278, -0.3465654220382609, -0.02991840032201044, -0.22516402505281263, -0.1808642399975239, -0.0532311646052321, 0.02097638635048042, -0.02117267847444724, -0.3078967890905695, -0.03151579703409523, -0.415400853535407, -0.3921209731612272, -0.23925021854836553, -0.281181377568, -0.39201734775634905, 0.26640465474645614, -0.4278297135262084, 0.3942011520247939, -0.6518621196248303, 0.16928012320264532, -0.6225173691235942, -0.4950072436865068, -0.43040192734969307, 0.22532330013304147, -0.4193411170589219, -0.9012221137865689, -0.10300723053338734, -0.15124801878851207, 0.32660500841272644, 0.6093748726247354, -0.8043309560721333, -0.06444263040277211, 0.9966853303437387, -0.1485819312550245, 0.7121111870803434, -0.015389612585931496, 0.03751286346448763, 0.13489189854396222, 1.0314170828497116, 0.009580187587969712, 0.7131120424017825, 0.09738899092961607, -0.10350447719353326, 0.6151782712135199, 0.8291462256824728, 0.7080260487300677, 0.2688049372986039, 0.8951375272485287, -0.10989458146039635, -0.018535647177160552, -0.7441404116825439, 0.21097732038076472, 1.014592275550495, -0.3354037438293713, -0.3332259280250861, -0.7116504599902516], [-0.041071319139891614, 0.33360121672449167, -0.2367580497793812, 0.021307572681234486, -0.18419492589990144, 0.3400826666808224, 0.24513194601066718, -0.012449849881547763, 0.0813628224155967, -0.09244902639118703, 0.1805057225666873, 0.46221046429385104, 0.07845547514117639, 0.398727678718162, -0.04836247515859345, 0.010827099244158866, 0.1737696297194618, 0.142681340738989, -0.09647522212465373, -0.06404011187567756, -0.2819389977323764, -0.020414305721972385, 0.10985905768066545, -0.13069089867771552, -0.4231233976010968, 0.15457335328160152, -0.07992390854574107, 0.22108779572292908, 0.07519710721765831, 0.21276096662221847, 0.2391111309164199, -0.06255583641794477, 0.37523845582223553, -0.20657544736021113, -0.2552012183162236, 0.06830662804713188, -0.12650406039047898, -0.2099943197434073, -0.2241242320006764, -0.3230655725803423, 0.49940700862625476, 0.09671823471093817, 0.06488449629878142, 0.34064254042454944, 0.19793383090619374, 0.14403973709586912, -0.1398587609385172, 0.004204002617861166, -0.027003408199869308, 0.3599787553005383, -0.08091896085715682, 0.4012493266450143, 0.14878298072924873, 0.10847351251952535, 0.14878399546381704, -0.10989458146039635, 0.36717585061941804, -0.25566255594064735, 0.020932885991678217, 0.3469652671546544, -0.17919784134869962, 0.07410136541834247, -0.25486945233906927, -0.007741736810093808], [0.1491067509202704, -0.06289895733293425, 0.31362886670907736, -0.25307757053433383, 0.10472941823042063, -0.2957612575995265, -0.22012697846060972, 0.12652742447102588, -0.06685272333896647, 0.050389784592873126, -0.2202150811761502, -0.36715764938435985, -0.19918133398461627, -0.3711992022126351, -0.012334093554226667, 0.017601713863052006, -0.08763169423524278, -0.12195067621132692, 0.31061350044721825, -0.008002127269436294, 0.36338124444753034, -0.05279397395197061, -0.09252605332101746, -0.01803101283000585, 0.32419893531108, -0.23430858468503216, 0.09120907721770989, -0.21780602553975054, 0.09319209542556361, -0.06126972034071789, -0.2694787012270966, 0.11336378434567836, -0.36160667003564473, 0.5100891219409913, 0.20527207759660032, -0.17721777971444436, 0.1281419704663925, 0.0077556321275399345, 0.3078260174014746, 0.4221974606417951, -0.5131923756324668, -0.26612965459519317, -0.15047238526308757, -0.1870445945905395, -0.2311194742095819, 0.03364241098006593, -0.005625886182487813, 0.008127724137107092, 0.001468143342770146, -0.28395479831370274, 0.20940781480043782, -0.2714305320490676, -0.25099747482169704, -0.3454853519405535, -0.08660091612820697, -0.018535647177160552, -0.25566255594064735, 0.44820796785603306, 0.09333303011071667, -0.17653310267904032, -0.09772889892569195, 0.10200974851660842, 0.03046913525550601, 0.23032445926350942], [0.18791638365340677, 0.28834122339072077, 0.09675900575929813, -0.7335638517770489, 0.38699308974335433, -0.7152079200277011, 0.45390705415849625, 0.22510807097341598, -0.24724627937570778, 0.30387292996853643, 0.017170976322905793, 0.14111377947726278, 0.12100128615069222, -0.18453044105397026, -0.10791786144276562, 0.03093203987322413, 0.21509862300334653, 0.033569495798412265, 0.5032340848666115, 0.3919904144480504, 0.4179565957829629, 0.4184462090739396, 0.2395251617058866, -0.17597402128014125, 0.5769647755930232, -0.45093624611733235, 0.6854925254285373, -0.2167262255753009, 0.5079453213569115, 0.4165892941603322, 0.23793866435972377, -0.1385061306593548, 0.20653139424390735, 0.9054412968553764, 0.2419913739054684, 0.06839931502550527, -0.1890439872356712, -0.5791279093911461, 0.8553731516150709, 0.24436920452262229, -1.113647540926972, 0.12421806414740102, -0.7278488735677086, -0.048522035986617286, -0.2260647307949241, -0.17616478334083802, -0.8636138461852639, 0.0047705952098631675, -0.6752468713414778, -0.35640384350459114, 0.1721938979259159, -0.6616123488676166, -0.8121921846397967, -0.6740242272692561, -0.25559747655637566, -0.7441404116825439, 0.020932885991678217, 0.09333303011071667, 0.8222146635259939, -0.3283692481372563, -0.9987420912460886, 0.2863518701794127, 0.3692746813095201, 0.8179368164373094], [0.05841325559801476, 0.5209685734242999, -0.22460112272013397, 0.08611812688563061, -0.3493243058915698, 0.7053138283625534, -0.0634521636639466, 0.09512770986898561, 0.2598487790682963, -0.2592362877346176, 0.15996277796091765, 0.48536317577527244, -0.23817154006145672, 0.5167992826971092, -0.1480147791831243, 0.08284798407940759, 0.1692872097403453, 0.1240820776595982, -0.1055666576991804, -0.29634128911727864, -0.42418829589872403, -0.3037169690285913, -0.03416078561719579, -0.1941298469828057, -0.7717661397484263, 0.4011947543655412, -0.35394789929545467, 0.3466337924914184, -0.08235016631551817, 0.13952317330393024, 0.07625528931620866, 0.06266550029907275, 0.13514175223200248, -0.4259605665345941, -0.3076132580166107, -0.019644058173494842, -0.03195888636202857, -0.046425933495735365, -0.6249292059573791, -0.36264532237264363, 1.0594293858755213, -0.2006344304000898, 0.3988437016783213, 0.396213936879782, 0.19894128933647817, 0.34691762437065676, 0.14416118181350107, 0.00918501328740226, 0.20955497518169258, 0.642405371462712, 0.001986575617246481, 0.8192590072158941, 0.33370446835657835, 0.23205307671380848, 0.4536017124525796, 0.21097732038076472, 0.3469652671546544, -0.17653310267904032, -0.3283692481372563, 0.7652837471262088, 0.11544055114054202, 0.07286352063916325, -0.6227029753274697, -0.16000612193094976], [-0.20544024708318612, -0.6388720427066259, -0.09136271477138337, 1.0511839861640366, -0.36659802212502723, 0.638997069250772, -0.6186448940464438, -0.41623587798195816, 0.2724384603934438, -0.1766838489959925, 0.020599743415541442, -0.4229076267899558, -0.025113424379825798, 0.0359665583786441, 0.21168988554268645, -0.10881778166858788, -0.2959414121860139, -0.08097127484945942, -0.5736552282540087, -0.5010238349186573, -0.43180752940979555, -0.41950332128274936, -0.3998225890852122, 0.3929971571512372, -0.3768124867085603, 0.5042395396649757, -0.7905374138599484, 0.12408204048150401, -0.7466738027524086, -0.7033295969651677, -0.38484192007005713, 0.19751480026096407, -0.5503590621028279, -1.2173575152234557, -0.249511886979583, -0.06543395994832986, 0.3299543666819991, 0.9480892991795798, -0.9710679838656948, -0.14169199514068012, 1.1392363465538518, 0.0032639488066094234, 1.0139101415648122, -0.13187170276801202, 0.18782137743956911, 0.04107165729635139, 1.2463361848103798, 0.0881920476281753, 0.7810650931627215, 0.14379219378000982, -0.22091668233728556, 0.6402051525712065, 0.9612385730932376, 0.926171130417105, 0.16457743381099899, 1.014592275550495, -0.17919784134869962, -0.09772889892569195, -0.9987420912460886, 0.11544055114054202, 1.6650859190742622, -0.5593996217032836, -0.2915396857633334, -1.1743678081524036], [0.11899000843354779, 0.3723157167399805, -0.027059100499957987, -0.3701317397551517, 0.0940786752096163, -0.1382295478122233, 0.15895589235210777, 0.1973082903398927, 0.07421961351302607, 0.10604878308563884, -0.05145973816661843, 0.3246845302663389, -0.04863741912790888, -0.09418890200975179, -0.034672774467518964, 0.023700840026895875, 0.10233223920633536, 0.050640714100751126, 0.22479246291637422, 0.05748601754957564, 0.10471791599353508, 0.0028456486672690014, 0.13944328471354508, -0.22329500847661513, 0.012509818035409114, -0.02035749848009171, -0.002389627763380916, 0.008319774215958226, 0.2733232810322304, 0.21836789293120126, 0.028484197900359276, -0.11867791963083385, 0.10543414622002739, 0.46415801304710885, -0.12128675808258076, 0.058830773593880246, 0.03758513596314567, -0.4061168848108142, 0.2773973894882111, 0.18344208034701456, -0.11608912340870961, -0.21322322936682006, -0.21815500118409598, 0.16532446843562287, -0.1493457388767703, 0.19049492354037145, -0.4103746628918989, 0.10351794040911506, -0.10274025172502067, -0.04951401871896129, -0.023507900492492028, 0.05781014287175843, -0.2476579057738162, -0.38255089960746463, 0.10478700858617793, -0.3354037438293713, 0.07410136541834247, 0.10200974851660842, 0.2863518701794127, 0.07286352063916325, -0.5593996217032836, 0.5487807309485743, -0.1306268805570192, 0.450067572627683], [-0.040208757408400075, -0.41005446888778, 0.1535948864362815, -0.18569345623511935, 0.37990516600753294, -0.620424529901785, 0.26612428872998417, -0.08711653054524758, -0.27860550169845866, 0.20773852484394392, -0.0525276324904755, -0.3291829942217911, 0.2139092228312886, -0.27180509602935804, 0.11961361450293789, 9.543023765856516e-05, -0.0855647545472745, -0.02991709683991316, 0.05846031572345598, 0.3758888463691022, 0.37646004968283353, 0.3379344086235729, 0.11198426415603886, 0.09854896607590141, 0.6223390068562387, -0.43390210521422906, 0.5201359891574561, -0.2602417317255463, 0.17963208213561738, 0.0010370323423119004, 0.164459633946062, -0.09645603435258321, 0.09320779797018414, 0.419429113327454, 0.3792805773497548, 0.08139154160413697, -0.11417374683830511, -0.036746889819240944, 0.6153496447810684, 0.10911294262816634, -1.099097751946365, 0.2811135729926996, -0.4643775322945978, -0.35834809201939133, -0.06308170582086209, -0.3938903528353879, -0.35033643228863, -0.076950547696014, -0.34062257454129785, -0.4042168301909099, 0.029323595181910966, -0.8760558308432487, -0.423295401611595, -0.2665368694204833, -0.47889164551752006, -0.3332259280250861, -0.25486945233906927, 0.03046913525550601, 0.3692746813095201, -0.6227029753274697, -0.2915396857633334, -0.1306268805570192, 0.7228864271034543, 0.2040037687513866], [0.28149639062773946, 0.5578743261140489, 0.16667931696110405, -0.9221495213695107, 0.29947174274438143, -0.6640382306391465, 0.23627253950586408, 0.44747297389659835, -0.1920237980992227, 0.10574918292318253, -0.008578601790975778, 0.18944486835988267, -0.09666720777637187, -0.296242159841772, -0.3215892208798791, 0.0383520994004012, 0.304919456052299, -0.01583002126095244, 0.6309850307536957, 0.36460030216501604, 0.45858305589023013, 0.29690990298209086, 0.20991289080680006, -0.3076456060232725, 0.40043870108667023, -0.4068913376047341, 0.5581985384113036, -0.05685032161370754, 0.5438084056867631, 0.46057293185102494, 0.11643478300421664, -0.07487304875026075, 0.11281344301015081, 1.0381353978171368, 0.2461554869454193, 0.008101757684627113, -0.054440757980940724, -0.677928757652499, 0.8635209051364965, 0.37212312458283914, -1.0025378200594373, -0.19593055517632316, -0.7799117428662916, -0.04437553978051852, -0.28869984614878275, -0.054177725634929286, -0.8237483794956388, 0.031357351431469414, -0.6166571685569358, -0.40287857515467046, 0.15020187585590236, -0.49124773682292394, -0.7908432657023737, -0.7514547890001857, 0.023894877819191855, -0.7116504599902516, -0.007741736810093808, 0.23032445926350942, 0.8179368164373094, -0.16000612193094976, -1.1743678081524036, 0.450067572627683, 0.2040037687513866, 1.125266773018157]]"
